n02091635_1043.jpg;0;0;0;0;0;0;0;0;2;0;0;0;1;0;0;0;2;0;0;0;1;0;0;0;0;0;0;0;4;0;0;0;1;0;0;0;5;0;0;0;2;0;0;0;2;0;0;0;4;0;0;0;3;0;0;0;6;0;0;0;7;0;0;0;9;0;0;0;7;0;0;0;12;0;0;0;7;0;0;0;15;0;0;0;8;0;0;0;10;0;0;0;6;0;0;0;6;0;0;0;10;0;0;0;6;0;0;0;7;0;0;0;22;0;0;0;15;0;0;0;21;0;0;0;11;0;0;0;19;0;0;0;21;0;0;0;25;0;0;0;11;0;0;0;25;0;0;0;24;0;0;0;24;0;0;0;26;0;0;0;20;0;0;0;25;0;0;0;45;0;0;0;29;0;0;0;33;0;0;0;49;0;0;0;50;0;0;0;40;0;0;0;60;0;0;0;73;0;0;0;48;0;0;0;47;0;0;0;65;0;0;0;55;0;0;0;57;0;0;0;76;0;0;0;79;0;0;0;82;0;0;0;62;0;0;0;87;0;0;0;77;0;0;0;71;0;0;0;82;0;0;0;72;0;0;0;
n02091635_1058.jpg;0;0;0;0;0;0;0;0;0;0;0;0;0;0;0;0;0;0;0;0;2;0;0;0;4;0;0;0;13;0;0;0;5;0;0;0;28;0;0;0;36;0;0;0;128;0;0;0;75;0;0;0;88;0;0;0;88;0;0;0;101;0;0;0;86;0;0;0;90;0;0;0;96;0;0;0;69;0;0;0;96;0;0;0;77;0;0;0;91;0;0;0;83;0;0;0;81;0;0;0;95;0;0;0;98;0;0;0;106;0;0;0;107;0;0;0;112;0;0;0;106;0;0;0;130;0;0;0;119;0;0;0;121;0;0;0;136;0;0;0;134;0;0;0;120;0;0;0;154;0;0;0;150;0;0;0;125;0;0;0;121;0;0;0;152;0;0;0;141;0;0;0;150;0;0;0;160;0;0;0;148;0;0;0;153;0;0;0;174;0;0;0;166;0;0;0;140;0;0;0;144;0;0;0;170;0;0;0;141;0;0;0;156;0;0;0;143;0;0;0;152;0;0;0;160;0;0;0;172;0;0;0;152;0;0;0;159;0;0;0;156;0;0;0;137;0;0;0;126;0;0;0;143;0;0;0;
n02091635_1083.jpg;0;0;0;0;6;0;0;0;14;0;0;0;2;0;0;0;15;0;0;0;29;0;0;0;25;0;0;0;53;0;0;0;84;0;0;0;123;0;0;0;227;0;0;0;83;1;0;0;141;3;0;0;208;2;0;0;186;5;0;0;253;3;0;0;36;7;0;0;183;3;0;0;140;3;0;0;190;2;0;0;107;2;0;0;39;2;0;0;18;2;0;0;231;1;0;0;21;2;0;0;8;2;0;0;237;1;0;0;47;2;0;0;46;2;0;0;129;2;0;0;102;2;0;0;96;2;0;0;202;2;0;0;176;2;0;0;208;2;0;0;1;3;0;0;7;3;0;0;95;3;0;0;73;3;0;0;147;3;0;0;212;3;0;0;242;3;0;0;15;4;0;0;11;4;0;0;86;4;0;0;93;4;0;0;123;4;0;0;186;4;0;0;151;4;0;0;39;5;0;0;251;4;0;0;35;5;0;0;118;5;0;0;36;5;0;0;87;5;0;0;186;5;0;0;183;5;0;0;172;5;0;0;208;5;0;0;230;5;0;0;224;5;0;0;251;5;0;0;148;5;0;0;30;6;0;0;
n02091635_1102.jpg;0;0;0;0;0;0;0;0;0;0;0;0;0;0;0;0;0;0;0;0;0;0;0;0;1;0;0;0;0;0;0;0;0;0;0;0;1;0;0;0;0;0;0;0;0;0;0;0;0;0;0;0;2;0;0;0;0;0;0;0;0;0;0;0;2;0;0;0;2;0;0;0;1;0;0;0;3;0;0;0;3;0;0;0;2;0;0;0;2;0;0;0;4;0;0;0;2;0;0;0;3;0;0;0;2;0;0;0;2;0;0;0;9;0;0;0;2;0;0;0;0;0;0;0;3;0;0;0;5;0;0;0;10;0;0;0;8;0;0;0;10;0;0;0;6;0;0;0;3;0;0;0;10;0;0;0;5;0;0;0;8;0;0;0;14;0;0;0;15;0;0;0;10;0;0;0;12;0;0;0;16;0;0;0;18;0;0;0;18;0;0;0;18;0;0;0;18;0;0;0;21;0;0;0;16;0;0;0;25;0;0;0;18;0;0;0;26;0;0;0;31;0;0;0;34;0;0;0;35;0;0;0;36;0;0;0;41;0;0;0;41;0;0;0;38;0;0;0;37;0;0;0;46;0;0;0;
n02091635_1147.jpg;208;3;0;0;34;6;0;0;209;4;0;0;175;3;0;0;92;3;0;0;247;2;0;0;177;2;0;0;76;2;0;0;61;2;0;0;35;2;0;0;244;1;0;0;200;1;0;0;182;1;0;0;136;1;0;0;123;1;0;0;138;1;0;0;123;1;0;0;122;1;0;0;94;1;0;0;108;1;0;0;102;1;0;0;61;1;0;0;121;1;0;0;96;1;0;0;86;1;0;0;37;1;0;0;95;1;0;0;112;1;0;0;78;1;0;0;87;1;0;0;136;1;0;0;115;1;0;0;109;1;0;0;115;1;0;0;128;1;0;0;98;1;0;0;107;1;0;0;132;1;0;0;141;1;0;0;142;1;0;0;148;1;0;0;130;1;0;0;159;1;0;0;152;1;0;0;191;1;0;0;169;1;0;0;173;1;0;0;198;1;0;0;233;1;0;0;228;1;0;0;213;1;0;0;200;1;0;0;188;1;0;0;253;1;0;0;215;1;0;0;201;1;0;0;227;1;0;0;231;1;0;0;213;1;0;0;236;1;0;0;215;1;0;0;253;1;0;0;214;1;0;0;224;1;0;0;
n02091635_1151.jpg;51;1;0;0;64;1;0;0;99;0;0;0;72;0;0;0;95;0;0;0;112;0;0;0;113;0;0;0;132;0;0;0;175;0;0;0;211;0;0;0;36;1;0;0;125;1;0;0;9;2;0;0;139;2;0;0;58;3;0;0;154;3;0;0;209;3;0;0;197;3;0;0;0;4;0;0;188;3;0;0;236;3;0;0;161;3;0;0;29;4;0;0;51;4;0;0;219;4;0;0;36;5;0;0;226;5;0;0;66;6;0;0;218;6;0;0;62;7;0;0;88;7;0;0;19;7;0;0;174;6;0;0;11;6;0;0;132;5;0;0;254;4;0;0;83;4;0;0;36;4;0;0;144;3;0;0;172;3;0;0;66;3;0;0;63;3;0;0;108;3;0;0;82;3;0;0;114;3;0;0;123;3;0;0;105;3;0;0;94;3;0;0;142;3;0;0;118;3;0;0;209;3;0;0;226;3;0;0;178;3;0;0;5;4;0;0;19;4;0;0;87;4;0;0;138;4;0;0;160;4;0;0;145;4;0;0;191;4;0;0;220;4;0;0;8;5;0;0;50;5;0;0;19;5;0;0;
n02091635_1164.jpg;0;0;0;0;0;0;0;0;0;0;0;0;0;0;0;0;0;0;0;0;0;0;0;0;0;0;0;0;3;0;0;0;2;0;0;0;5;0;0;0;6;0;0;0;7;0;0;0;7;0;0;0;10;0;0;0;14;0;0;0;10;0;0;0;12;0;0;0;17;0;0;0;18;0;0;0;23;0;0;0;25;0;0;0;27;0;0;0;34;0;0;0;26;0;0;0;20;0;0;0;33;0;0;0;33;0;0;0;34;0;0;0;48;0;0;0;45;0;0;0;45;0;0;0;36;0;0;0;38;0;0;0;54;0;0;0;49;0;0;0;66;0;0;0;63;0;0;0;56;0;0;0;87;0;0;0;76;0;0;0;91;0;0;0;103;0;0;0;112;0;0;0;130;0;0;0;115;0;0;0;125;0;0;0;145;0;0;0;148;0;0;0;177;0;0;0;217;0;0;0;195;0;0;0;222;0;0;0;241;0;0;0;10;1;0;0;248;0;0;0;38;1;0;0;9;1;0;0;51;1;0;0;47;1;0;0;151;1;0;0;86;1;0;0;189;1;0;0;156;1;0;0;221;1;0;0;
n02091635_1177.jpg;0;0;0;0;0;0;0;0;0;0;0;0;0;0;0;0;0;0;0;0;0;0;0;0;0;0;0;0;0;0;0;0;0;0;0;0;0;0;0;0;1;0;0;0;1;0;0;0;0;0;0;0;0;0;0;0;0;0;0;0;2;0;0;0;1;0;0;0;3;0;0;0;2;0;0;0;6;0;0;0;8;0;0;0;9;0;0;0;15;0;0;0;17;0;0;0;22;0;0;0;33;0;0;0;38;0;0;0;54;0;0;0;51;0;0;0;100;0;0;0;120;0;0;0;156;0;0;0;5;1;0;0;192;1;0;0;64;2;0;0;32;2;0;0;177;1;0;0;140;1;0;0;72;1;0;0;54;1;0;0;5;1;0;0;227;0;0;0;171;0;0;0;197;0;0;0;157;0;0;0;160;0;0;0;152;0;0;0;142;0;0;0;141;0;0;0;135;0;0;0;92;0;0;0;101;0;0;0;103;0;0;0;108;0;0;0;90;0;0;0;89;0;0;0;79;0;0;0;88;0;0;0;84;0;0;0;67;0;0;0;72;0;0;0;80;0;0;0;74;0;0;0;49;0;0;0;
n02091635_1192.jpg;0;0;0;0;31;0;0;0;69;0;0;0;88;0;0;0;95;0;0;0;90;0;0;0;88;0;0;0;98;0;0;0;96;0;0;0;98;0;0;0;78;0;0;0;88;0;0;0;81;0;0;0;94;0;0;0;81;0;0;0;97;0;0;0;84;0;0;0;79;0;0;0;93;0;0;0;87;0;0;0;86;0;0;0;68;0;0;0;82;0;0;0;92;0;0;0;81;0;0;0;65;0;0;0;90;0;0;0;98;0;0;0;98;0;0;0;85;0;0;0;81;0;0;0;80;0;0;0;81;0;0;0;94;0;0;0;82;0;0;0;106;0;0;0;99;0;0;0;102;0;0;0;101;0;0;0;79;0;0;0;101;0;0;0;80;0;0;0;88;0;0;0;96;0;0;0;101;0;0;0;106;0;0;0;106;0;0;0;110;0;0;0;108;0;0;0;101;0;0;0;87;0;0;0;83;0;0;0;117;0;0;0;112;0;0;0;107;0;0;0;98;0;0;0;112;0;0;0;122;0;0;0;115;0;0;0;119;0;0;0;104;0;0;0;105;0;0;0;112;0;0;0;132;0;0;0;
n02091635_1234.jpg;0;0;0;0;0;0;0;0;0;0;0;0;0;0;0;0;0;0;0;0;0;0;0;0;4;0;0;0;1;0;0;0;6;0;0;0;5;0;0;0;13;0;0;0;22;0;0;0;47;0;0;0;54;0;0;0;79;0;0;0;81;0;0;0;104;0;0;0;121;0;0;0;139;0;0;0;158;0;0;0;180;0;0;0;156;0;0;0;180;0;0;0;192;0;0;0;226;0;0;0;242;0;0;0;255;0;0;0;106;1;0;0;116;1;0;0;146;1;0;0;124;1;0;0;134;1;0;0;203;1;0;0;193;1;0;0;222;1;0;0;36;2;0;0;33;2;0;0;62;2;0;0;81;2;0;0;154;2;0;0;108;2;0;0;160;2;0;0;152;2;0;0;187;2;0;0;153;2;0;0;175;2;0;0;138;2;0;0;85;2;0;0;171;2;0;0;148;2;0;0;134;2;0;0;147;2;0;0;198;2;0;0;159;2;0;0;178;2;0;0;218;2;0;0;180;2;0;0;168;2;0;0;164;2;0;0;203;2;0;0;94;2;0;0;123;2;0;0;156;2;0;0;109;2;0;0;
n02091635_1240.jpg;0;0;0;0;0;0;0;0;0;0;0;0;0;0;0;0;0;0;0;0;0;0;0;0;0;0;0;0;0;0;0;0;0;0;0;0;0;0;0;0;0;0;0;0;0;0;0;0;0;0;0;0;0;0;0;0;0;0;0;0;0;0;0;0;0;0;0;0;0;0;0;0;0;0;0;0;0;0;0;0;0;0;0;0;0;0;0;0;0;0;0;0;0;0;0;0;0;0;0;0;0;0;0;0;0;0;0;0;0;0;0;0;0;0;0;0;2;0;0;0;2;0;0;0;1;0;0;0;2;0;0;0;0;0;0;0;2;0;0;0;3;0;0;0;2;0;0;0;3;0;0;0;8;0;0;0;16;0;0;0;25;0;0;0;37;0;0;0;48;0;0;0;53;0;0;0;54;0;0;0;72;0;0;0;82;0;0;0;98;0;0;0;144;0;0;0;131;0;0;0;153;0;0;0;145;0;0;0;117;0;0;0;109;0;0;0;91;0;0;0;68;0;0;0;83;0;0;0;96;0;0;0;109;0;0;0;129;0;0;0;106;0;0;0;103;0;0;0;83;0;0;0;60;0;0;0;
n02091635_1266.jpg;0;0;0;0;0;0;0;0;0;0;0;0;0;0;0;0;0;0;0;0;0;0;0;0;0;0;0;0;0;0;0;0;0;0;0;0;0;0;0;0;0;0;0;0;0;0;0;0;0;0;0;0;0;0;0;0;0;0;0;0;0;0;0;0;0;0;0;0;0;0;0;0;0;0;0;0;0;0;0;0;2;0;0;0;0;0;0;0;2;0;0;0;1;0;0;0;0;0;0;0;1;0;0;0;4;0;0;0;1;0;0;0;2;0;0;0;4;0;0;0;11;0;0;0;8;0;0;0;16;0;0;0;17;0;0;0;40;0;0;0;44;0;0;0;74;0;0;0;91;0;0;0;121;0;0;0;168;0;0;0;205;0;0;0;12;3;0;0;114;1;0;0;148;1;0;0;52;26;0;0;194;1;0;0;146;1;0;0;184;1;0;0;169;1;0;0;129;1;0;0;116;1;0;0;120;1;0;0;131;1;0;0;120;1;0;0;130;1;0;0;126;1;0;0;146;1;0;0;176;1;0;0;192;1;0;0;233;1;0;0;14;2;0;0;11;2;0;0;103;2;0;0;152;2;0;0;
n02091635_1302.jpg;0;0;0;0;0;0;0;0;0;0;0;0;0;0;0;0;0;0;0;0;0;0;0;0;0;0;0;0;0;0;0;0;0;0;0;0;0;0;0;0;0;0;0;0;0;0;0;0;0;0;0;0;0;0;0;0;0;0;0;0;0;0;0;0;0;0;0;0;0;0;0;0;0;0;0;0;0;0;0;0;0;0;0;0;0;0;0;0;0;0;0;0;0;0;0;0;0;0;0;0;0;0;0;0;0;0;0;0;0;0;0;0;0;0;0;0;0;0;0;0;0;0;0;0;1;0;0;0;0;0;0;0;4;0;0;0;16;0;0;0;29;0;0;0;56;0;0;0;76;0;0;0;147;0;0;0;236;0;0;0;90;1;0;0;247;1;0;0;235;1;0;0;202;1;0;0;137;1;0;0;87;1;0;0;80;1;0;0;72;1;0;0;60;1;0;0;59;1;0;0;22;1;0;0;40;1;0;0;28;1;0;0;58;1;0;0;3;1;0;0;7;1;0;0;34;1;0;0;43;1;0;0;110;1;0;0;80;1;0;0;85;1;0;0;153;1;0;0;191;1;0;0;192;1;0;0;
n02091635_1311.jpg;82;0;0;0;229;0;0;0;188;0;0;0;125;0;0;0;162;0;0;0;163;0;0;0;166;0;0;0;203;0;0;0;153;0;0;0;191;0;0;0;202;0;0;0;220;0;0;0;244;0;0;0;251;0;0;0;244;0;0;0;21;1;0;0;22;1;0;0;52;1;0;0;54;1;0;0;82;1;0;0;59;1;0;0;123;1;0;0;103;1;0;0;112;1;0;0;101;1;0;0;121;1;0;0;114;1;0;0;126;1;0;0;127;1;0;0;151;1;0;0;102;1;0;0;111;1;0;0;130;1;0;0;144;1;0;0;145;1;0;0;148;1;0;0;161;1;0;0;207;1;0;0;165;1;0;0;208;1;0;0;1;2;0;0;16;2;0;0;0;2;0;0;55;2;0;0;82;2;0;0;39;2;0;0;145;2;0;0;129;2;0;0;101;2;0;0;65;2;0;0;177;2;0;0;149;2;0;0;225;2;0;0;144;2;0;0;197;2;0;0;208;2;0;0;199;2;0;0;220;2;0;0;224;2;0;0;216;2;0;0;208;2;0;0;252;2;0;0;36;3;0;0;19;3;0;0;
n02091635_1319.jpg;0;0;0;0;0;0;0;0;3;0;0;0;2;0;0;0;4;0;0;0;10;0;0;0;6;0;0;0;18;0;0;0;18;0;0;0;31;0;0;0;37;0;0;0;65;0;0;0;53;0;0;0;58;0;0;0;56;0;0;0;59;0;0;0;45;0;0;0;66;0;0;0;65;0;0;0;54;0;0;0;82;0;0;0;49;0;0;0;44;0;0;0;69;0;0;0;63;0;0;0;60;0;0;0;53;0;0;0;47;0;0;0;60;0;0;0;53;0;0;0;60;0;0;0;48;0;0;0;58;0;0;0;56;0;0;0;54;0;0;0;79;0;0;0;54;0;0;0;74;0;0;0;64;0;0;0;59;0;0;0;82;0;0;0;73;0;0;0;74;0;0;0;75;0;0;0;78;0;0;0;80;0;0;0;78;0;0;0;89;0;0;0;103;0;0;0;91;0;0;0;109;0;0;0;94;0;0;0;103;0;0;0;110;0;0;0;110;0;0;0;117;0;0;0;120;0;0;0;154;0;0;0;163;0;0;0;161;0;0;0;168;0;0;0;171;0;0;0;188;0;0;0;166;0;0;0;
n02091635_1329.jpg;0;0;0;0;0;0;0;0;0;0;0;0;0;0;0;0;0;0;0;0;0;0;0;0;0;0;0;0;0;0;0;0;0;0;0;0;4;0;0;0;44;0;0;0;184;0;0;0;191;1;0;0;169;3;0;0;174;5;0;0;91;7;0;0;202;7;0;0;181;7;0;0;192;6;0;0;97;6;0;0;49;6;0;0;38;6;0;0;243;5;0;0;238;5;0;0;190;5;0;0;126;5;0;0;95;5;0;0;191;4;0;0;245;4;0;0;203;4;0;0;205;4;0;0;74;4;0;0;28;4;0;0;1;4;0;0;168;3;0;0;170;3;0;0;133;3;0;0;49;3;0;0;24;3;0;0;57;3;0;0;30;3;0;0;49;3;0;0;36;3;0;0;70;3;0;0;47;3;0;0;42;3;0;0;1;3;0;0;212;2;0;0;23;3;0;0;215;2;0;0;6;3;0;0;29;3;0;0;246;2;0;0;195;2;0;0;250;2;0;0;240;2;0;0;226;2;0;0;183;2;0;0;97;2;0;0;27;2;0;0;96;2;0;0;40;2;0;0;247;1;0;0;225;1;0;0;
n02091635_1333.jpg;3;0;0;0;48;0;0;0;26;0;0;0;28;0;0;0;16;0;0;0;29;0;0;0;38;0;0;0;33;0;0;0;45;0;0;0;43;0;0;0;41;0;0;0;60;0;0;0;75;0;0;0;64;0;0;0;75;0;0;0;60;0;0;0;80;0;0;0;67;0;0;0;84;0;0;0;79;0;0;0;89;0;0;0;80;0;0;0;100;0;0;0;104;0;0;0;116;0;0;0;117;0;0;0;145;0;0;0;137;0;0;0;149;0;0;0;159;0;0;0;175;0;0;0;178;0;0;0;170;0;0;0;165;0;0;0;181;0;0;0;198;0;0;0;200;0;0;0;230;0;0;0;239;0;0;0;244;0;0;0;255;0;0;0;8;1;0;0;29;1;0;0;12;1;0;0;46;1;0;0;85;1;0;0;55;1;0;0;52;1;0;0;104;1;0;0;51;1;0;0;108;1;0;0;145;1;0;0;141;1;0;0;126;1;0;0;146;1;0;0;124;1;0;0;138;1;0;0;173;1;0;0;140;1;0;0;167;1;0;0;129;1;0;0;190;1;0;0;193;1;0;0;140;1;0;0;
n02091635_1337.jpg;38;0;0;0;98;0;0;0;86;0;0;0;67;0;0;0;64;0;0;0;50;0;0;0;43;0;0;0;57;0;0;0;45;0;0;0;30;0;0;0;30;0;0;0;41;0;0;0;34;0;0;0;37;0;0;0;43;0;0;0;43;0;0;0;46;0;0;0;31;0;0;0;42;0;0;0;40;0;0;0;39;0;0;0;48;0;0;0;40;0;0;0;46;0;0;0;48;0;0;0;40;0;0;0;57;0;0;0;62;0;0;0;54;0;0;0;70;0;0;0;64;0;0;0;59;0;0;0;71;0;0;0;58;0;0;0;61;0;0;0;60;0;0;0;63;0;0;0;64;0;0;0;83;0;0;0;63;0;0;0;70;0;0;0;59;0;0;0;65;0;0;0;53;0;0;0;80;0;0;0;66;0;0;0;77;0;0;0;74;0;0;0;85;0;0;0;75;0;0;0;82;0;0;0;78;0;0;0;77;0;0;0;79;0;0;0;102;0;0;0;99;0;0;0;102;0;0;0;101;0;0;0;102;0;0;0;129;0;0;0;107;0;0;0;120;0;0;0;125;0;0;0;116;0;0;0;
n02091635_134.jpg;0;0;0;0;0;0;0;0;0;0;0;0;0;0;0;0;0;0;0;0;0;0;0;0;0;0;0;0;1;0;0;0;1;0;0;0;0;0;0;0;0;0;0;0;1;0;0;0;0;0;0;0;0;0;0;0;1;0;0;0;1;0;0;0;2;0;0;0;1;0;0;0;1;0;0;0;1;0;0;0;0;0;0;0;2;0;0;0;3;0;0;0;3;0;0;0;2;0;0;0;2;0;0;0;0;0;0;0;0;0;0;0;1;0;0;0;3;0;0;0;0;0;0;0;2;0;0;0;1;0;0;0;1;0;0;0;2;0;0;0;3;0;0;0;3;0;0;0;4;0;0;0;2;0;0;0;5;0;0;0;3;0;0;0;1;0;0;0;1;0;0;0;4;0;0;0;0;0;0;0;5;0;0;0;2;0;0;0;0;0;0;0;4;0;0;0;2;0;0;0;3;0;0;0;2;0;0;0;3;0;0;0;1;0;0;0;1;0;0;0;5;0;0;0;10;0;0;0;5;0;0;0;2;0;0;0;7;0;0;0;8;0;0;0;8;0;0;0;6;0;0;0;12;0;0;0;
n02091635_1340.jpg;2;0;0;0;191;0;0;0;144;0;0;0;69;0;0;0;108;0;0;0;94;0;0;0;28;0;0;0;5;0;0;0;4;0;0;0;1;0;0;0;0;0;0;0;0;0;0;0;0;0;0;0;0;0;0;0;0;0;0;0;0;0;0;0;1;0;0;0;2;0;0;0;6;0;0;0;10;0;0;0;12;0;0;0;15;0;0;0;34;0;0;0;32;0;0;0;38;0;0;0;35;0;0;0;34;0;0;0;28;0;0;0;19;0;0;0;25;0;0;0;29;0;0;0;39;0;0;0;46;0;0;0;57;0;0;0;42;0;0;0;57;0;0;0;63;0;0;0;81;0;0;0;88;0;0;0;117;0;0;0;116;0;0;0;134;0;0;0;137;0;0;0;152;0;0;0;122;0;0;0;130;0;0;0;100;0;0;0;93;0;0;0;99;0;0;0;154;0;0;0;141;0;0;0;198;0;0;0;201;0;0;0;212;0;0;0;254;0;0;0;202;0;0;0;190;0;0;0;186;0;0;0;158;0;0;0;171;0;0;0;158;0;0;0;187;0;0;0;195;0;0;0;200;0;0;0;
n02091635_1357.jpg;0;0;0;0;0;0;0;0;0;0;0;0;0;0;0;0;0;0;0;0;0;0;0;0;0;0;0;0;1;0;0;0;3;0;0;0;5;0;0;0;8;0;0;0;11;0;0;0;20;0;0;0;26;0;0;0;37;0;0;0;35;0;0;0;66;0;0;0;73;0;0;0;71;0;0;0;78;0;0;0;76;0;0;0;99;0;0;0;77;0;0;0;135;0;0;0;125;0;0;0;139;0;0;0;132;0;0;0;142;0;0;0;123;0;0;0;135;0;0;0;142;0;0;0;151;0;0;0;160;0;0;0;166;0;0;0;169;0;0;0;183;0;0;0;173;0;0;0;185;0;0;0;214;0;0;0;196;0;0;0;171;0;0;0;175;0;0;0;201;0;0;0;229;0;0;0;239;0;0;0;248;0;0;0;255;0;0;0;211;0;0;0;252;0;0;0;242;0;0;0;213;0;0;0;194;0;0;0;176;0;0;0;160;0;0;0;155;0;0;0;170;0;0;0;180;0;0;0;170;0;0;0;159;0;0;0;157;0;0;0;169;0;0;0;168;0;0;0;176;0;0;0;155;0;0;0;
n02091635_1367.jpg;72;0;0;0;97;0;0;0;142;0;0;0;189;0;0;0;252;0;0;0;75;1;0;0;118;1;0;0;122;1;0;0;95;1;0;0;89;1;0;0;112;1;0;0;149;1;0;0;109;1;0;0;126;1;0;0;107;1;0;0;66;1;0;0;44;1;0;0;19;1;0;0;250;0;0;0;11;1;0;0;0;1;0;0;31;1;0;0;49;1;0;0;160;1;0;0;53;2;0;0;118;2;0;0;240;1;0;0;186;1;0;0;158;1;0;0;105;1;0;0;55;1;0;0;68;1;0;0;53;1;0;0;33;1;0;0;66;1;0;0;100;1;0;0;139;1;0;0;139;1;0;0;133;1;0;0;155;1;0;0;222;1;0;0;20;2;0;0;209;1;0;0;57;2;0;0;129;2;0;0;48;2;0;0;103;2;0;0;114;2;0;0;65;2;0;0;216;1;0;0;13;2;0;0;32;2;0;0;250;1;0;0;44;2;0;0;98;2;0;0;15;2;0;0;83;2;0;0;110;2;0;0;94;2;0;0;68;2;0;0;91;2;0;0;70;2;0;0;82;2;0;0;65;2;0;0;
n02091635_1372.jpg;79;41;0;0;113;28;0;0;28;15;0;0;106;11;0;0;57;9;0;0;66;7;0;0;26;6;0;0;47;6;0;0;210;5;0;0;77;6;0;0;145;5;0;0;171;5;0;0;116;5;0;0;31;5;0;0;223;4;0;0;24;5;0;0;220;4;0;0;222;4;0;0;64;5;0;0;214;4;0;0;244;4;0;0;196;4;0;0;109;4;0;0;171;4;0;0;202;4;0;0;172;4;0;0;144;4;0;0;127;4;0;0;156;4;0;0;100;4;0;0;219;4;0;0;3;5;0;0;213;4;0;0;246;4;0;0;1;5;0;0;44;6;0;0;71;6;0;0;76;6;0;0;185;5;0;0;15;6;0;0;187;5;0;0;112;5;0;0;205;5;0;0;139;5;0;0;158;5;0;0;203;4;0;0;193;4;0;0;176;4;0;0;169;4;0;0;132;4;0;0;73;4;0;0;67;4;0;0;36;4;0;0;43;4;0;0;255;3;0;0;219;3;0;0;189;3;0;0;209;3;0;0;190;3;0;0;197;3;0;0;181;3;0;0;161;3;0;0;124;3;0;0;69;3;0;0;
n02091635_1396.jpg;90;1;0;0;226;3;0;0;169;6;0;0;164;6;0;0;7;5;0;0;112;3;0;0;236;2;0;0;121;2;0;0;41;2;0;0;218;1;0;0;163;1;0;0;177;1;0;0;154;1;0;0;155;1;0;0;162;1;0;0;169;1;0;0;171;1;0;0;155;1;0;0;156;1;0;0;165;1;0;0;160;1;0;0;170;1;0;0;195;1;0;0;225;1;0;0;209;1;0;0;230;1;0;0;184;1;0;0;235;1;0;0;226;1;0;0;227;1;0;0;6;2;0;0;13;2;0;0;213;1;0;0;0;2;0;0;38;2;0;0;43;2;0;0;39;2;0;0;84;2;0;0;53;2;0;0;13;2;0;0;68;2;0;0;80;2;0;0;83;2;0;0;55;2;0;0;122;2;0;0;34;2;0;0;109;2;0;0;56;2;0;0;93;2;0;0;90;2;0;0;55;2;0;0;63;2;0;0;98;2;0;0;100;2;0;0;125;2;0;0;110;2;0;0;88;2;0;0;85;2;0;0;54;2;0;0;76;2;0;0;59;2;0;0;103;2;0;0;75;2;0;0;91;2;0;0;
n02091635_1408.jpg;163;0;0;0;236;0;0;0;164;0;0;0;132;0;0;0;132;0;0;0;110;0;0;0;97;0;0;0;115;0;0;0;104;0;0;0;102;0;0;0;107;0;0;0;116;0;0;0;92;0;0;0;104;0;0;0;90;0;0;0;107;0;0;0;108;0;0;0;91;0;0;0;117;0;0;0;106;0;0;0;125;0;0;0;106;0;0;0;123;0;0;0;134;0;0;0;154;0;0;0;130;0;0;0;149;0;0;0;126;0;0;0;141;0;0;0;156;0;0;0;159;0;0;0;165;0;0;0;177;0;0;0;153;0;0;0;175;0;0;0;186;0;0;0;165;0;0;0;204;0;0;0;205;0;0;0;190;0;0;0;215;0;0;0;204;0;0;0;195;0;0;0;192;0;0;0;201;0;0;0;216;0;0;0;214;0;0;0;233;0;0;0;228;0;0;0;244;0;0;0;230;0;0;0;215;0;0;0;245;0;0;0;226;0;0;0;216;0;0;0;214;0;0;0;208;0;0;0;229;0;0;0;15;1;0;0;252;0;0;0;228;0;0;0;29;1;0;0;17;1;0;0;15;1;0;0;
n02091635_1417.jpg;0;0;0;0;1;0;0;0;2;0;0;0;6;0;0;0;10;0;0;0;30;0;0;0;34;0;0;0;38;0;0;0;41;0;0;0;71;0;0;0;100;0;0;0;93;0;0;0;122;0;0;0;139;0;0;0;162;0;0;0;179;0;0;0;226;0;0;0;47;1;0;0;127;1;0;0;75;1;0;0;153;1;0;0;231;1;0;0;29;2;0;0;128;2;0;0;192;2;0;0;198;2;0;0;240;2;0;0;186;2;0;0;33;3;0;0;7;3;0;0;222;2;0;0;27;3;0;0;48;3;0;0;214;2;0;0;6;3;0;0;139;2;0;0;191;2;0;0;182;2;0;0;160;2;0;0;208;2;0;0;248;2;0;0;239;2;0;0;220;2;0;0;191;2;0;0;117;2;0;0;147;2;0;0;130;2;0;0;101;2;0;0;120;2;0;0;100;2;0;0;97;2;0;0;155;2;0;0;171;2;0;0;135;2;0;0;187;2;0;0;118;2;0;0;183;2;0;0;133;2;0;0;163;2;0;0;186;2;0;0;157;2;0;0;204;2;0;0;216;2;0;0;197;2;0;0;
n02091635_142.jpg;93;1;0;0;128;2;0;0;48;1;0;0;46;1;0;0;70;1;0;0;70;1;0;0;42;1;0;0;71;1;0;0;67;1;0;0;9;1;0;0;10;1;0;0;77;1;0;0;57;1;0;0;82;1;0;0;130;1;0;0;33;1;0;0;63;1;0;0;233;0;0;0;164;0;0;0;167;0;0;0;145;0;0;0;127;0;0;0;133;0;0;0;105;0;0;0;123;0;0;0;112;0;0;0;130;0;0;0;106;0;0;0;117;0;0;0;110;0;0;0;102;0;0;0;101;0;0;0;104;0;0;0;108;0;0;0;117;0;0;0;121;0;0;0;123;0;0;0;153;0;0;0;160;0;0;0;172;0;0;0;209;0;0;0;254;0;0;0;80;1;0;0;171;1;0;0;94;2;0;0;33;3;0;0;79;3;0;0;112;3;0;0;101;3;0;0;184;2;0;0;220;1;0;0;52;1;0;0;19;1;0;0;229;0;0;0;240;0;0;0;193;0;0;0;175;0;0;0;194;0;0;0;178;0;0;0;173;0;0;0;184;0;0;0;186;0;0;0;196;0;0;0;189;0;0;0;
n02091635_1489.jpg;0;0;0;0;0;0;0;0;1;0;0;0;0;0;0;0;0;0;0;0;0;0;0;0;0;0;0;0;1;0;0;0;0;0;0;0;4;0;0;0;5;0;0;0;9;0;0;0;16;0;0;0;16;0;0;0;27;0;0;0;25;0;0;0;49;0;0;0;42;0;0;0;50;0;0;0;55;0;0;0;85;0;0;0;87;0;0;0;83;0;0;0;96;0;0;0;104;0;0;0;120;0;0;0;120;0;0;0;120;0;0;0;107;0;0;0;154;0;0;0;126;0;0;0;137;0;0;0;144;0;0;0;144;0;0;0;150;0;0;0;150;0;0;0;163;0;0;0;151;0;0;0;145;0;0;0;162;0;0;0;162;0;0;0;178;0;0;0;184;0;0;0;169;0;0;0;173;0;0;0;166;0;0;0;171;0;0;0;170;0;0;0;179;0;0;0;206;0;0;0;181;0;0;0;247;0;0;0;226;0;0;0;200;0;0;0;245;0;0;0;219;0;0;0;1;1;0;0;16;1;0;0;3;1;0;0;246;0;0;0;29;1;0;0;17;1;0;0;38;1;0;0;34;1;0;0;
n02091635_1492.jpg;175;1;0;0;130;1;0;0;72;1;0;0;125;1;0;0;28;1;0;0;9;1;0;0;26;1;0;0;5;1;0;0;250;0;0;0;4;1;0;0;208;0;0;0;218;0;0;0;252;0;0;0;230;0;0;0;220;0;0;0;212;0;0;0;198;0;0;0;241;0;0;0;233;0;0;0;230;0;0;0;241;0;0;0;14;1;0;0;72;1;0;0;83;1;0;0;167;1;0;0;78;1;0;0;119;1;0;0;220;1;0;0;215;1;0;0;103;1;0;0;234;1;0;0;181;1;0;0;107;1;0;0;123;1;0;0;165;1;0;0;79;1;0;0;114;1;0;0;125;1;0;0;123;1;0;0;123;1;0;0;105;1;0;0;78;1;0;0;83;1;0;0;102;1;0;0;98;1;0;0;66;1;0;0;115;1;0;0;74;1;0;0;81;1;0;0;142;1;0;0;138;1;0;0;152;1;0;0;178;1;0;0;239;1;0;0;6;2;0;0;252;1;0;0;32;2;0;0;39;2;0;0;25;2;0;0;55;2;0;0;65;2;0;0;51;2;0;0;25;2;0;0;236;1;0;0;
n02091635_1568.jpg;76;0;0;0;255;1;0;0;188;20;0;0;151;14;0;0;68;47;0;0;14;15;0;0;54;10;0;0;5;11;0;0;31;11;0;0;178;9;0;0;47;9;0;0;181;8;0;0;227;7;0;0;48;7;0;0;139;7;0;0;217;6;0;0;113;6;0;0;219;6;0;0;117;6;0;0;152;6;0;0;14;6;0;0;225;5;0;0;49;6;0;0;135;5;0;0;229;5;0;0;99;5;0;0;219;5;0;0;188;5;0;0;7;6;0;0;35;6;0;0;10;6;0;0;2;6;0;0;163;6;0;0;172;6;0;0;207;6;0;0;222;6;0;0;181;6;0;0;194;6;0;0;147;6;0;0;135;6;0;0;127;6;0;0;186;6;0;0;131;6;0;0;161;6;0;0;68;6;0;0;121;6;0;0;114;6;0;0;181;6;0;0;120;6;0;0;179;6;0;0;17;7;0;0;43;7;0;0;97;7;0;0;93;7;0;0;21;7;0;0;242;6;0;0;187;6;0;0;182;6;0;0;0;6;0;0;29;6;0;0;176;5;0;0;202;5;0;0;198;5;0;0;193;5;0;0;
n02091635_1580.jpg;242;1;0;0;42;4;0;0;27;4;0;0;5;4;0;0;110;2;0;0;52;2;0;0;46;2;0;0;74;2;0;0;97;2;0;0;126;2;0;0;94;2;0;0;40;2;0;0;19;2;0;0;34;2;0;0;52;2;0;0;57;2;0;0;111;2;0;0;42;2;0;0;254;1;0;0;172;1;0;0;134;1;0;0;95;1;0;0;79;1;0;0;91;1;0;0;22;1;0;0;70;1;0;0;17;1;0;0;6;1;0;0;18;1;0;0;61;1;0;0;55;1;0;0;37;1;0;0;37;1;0;0;10;1;0;0;42;1;0;0;39;1;0;0;23;1;0;0;36;1;0;0;43;1;0;0;35;1;0;0;13;1;0;0;56;1;0;0;56;1;0;0;57;1;0;0;59;1;0;0;45;1;0;0;52;1;0;0;45;1;0;0;76;1;0;0;71;1;0;0;50;1;0;0;89;1;0;0;35;1;0;0;59;1;0;0;92;1;0;0;112;1;0;0;83;1;0;0;96;1;0;0;135;1;0;0;107;1;0;0;127;1;0;0;168;1;0;0;187;1;0;0;198;1;0;0;
n02091635_1590.jpg;0;0;0;0;0;0;0;0;0;0;0;0;0;0;0;0;0;0;0;0;0;0;0;0;0;0;0;0;1;0;0;0;3;0;0;0;9;0;0;0;35;0;0;0;67;0;0;0;165;0;0;0;207;0;0;0;35;1;0;0;111;1;0;0;203;1;0;0;5;2;0;0;69;2;0;0;158;2;0;0;203;2;0;0;34;3;0;0;148;3;0;0;40;4;0;0;244;4;0;0;124;5;0;0;148;6;0;0;17;8;0;0;6;9;0;0;5;10;0;0;67;12;0;0;153;13;0;0;201;14;0;0;189;15;0;0;39;17;0;0;109;17;0;0;241;17;0;0;141;18;0;0;154;18;0;0;22;19;0;0;155;19;0;0;20;20;0;0;130;20;0;0;240;20;0;0;211;21;0;0;139;21;0;0;135;22;0;0;148;22;0;0;200;22;0;0;134;22;0;0;177;22;0;0;75;23;0;0;239;23;0;0;237;23;0;0;51;25;0;0;74;25;0;0;69;26;0;0;230;26;0;0;209;26;0;0;236;26;0;0;160;27;0;0;211;28;0;0;49;29;0;0;255;29;0;0;
n02091635_1606.jpg;21;0;0;0;27;0;0;0;36;0;0;0;60;0;0;0;72;0;0;0;168;0;0;0;214;0;0;0;233;0;0;0;192;0;0;0;227;0;0;0;40;1;0;0;118;1;0;0;26;2;0;0;74;3;0;0;73;4;0;0;123;3;0;0;38;3;0;0;35;3;0;0;214;2;0;0;43;3;0;0;32;3;0;0;3;3;0;0;240;2;0;0;139;3;0;0;57;4;0;0;48;4;0;0;211;3;0;0;50;4;0;0;78;4;0;0;118;4;0;0;218;4;0;0;158;4;0;0;42;4;0;0;238;3;0;0;182;3;0;0;225;3;0;0;104;3;0;0;22;3;0;0;34;3;0;0;26;3;0;0;33;3;0;0;218;2;0;0;193;2;0;0;221;2;0;0;18;3;0;0;93;3;0;0;21;3;0;0;39;3;0;0;71;3;0;0;128;3;0;0;71;3;0;0;80;3;0;0;196;3;0;0;217;3;0;0;214;3;0;0;109;3;0;0;49;3;0;0;54;3;0;0;255;2;0;0;56;3;0;0;85;3;0;0;141;3;0;0;180;3;0;0;149;3;0;0;
n02091635_1612.jpg;11;0;0;0;29;0;0;0;233;0;0;0;8;4;0;0;11;7;0;0;31;7;0;0;214;16;0;0;55;30;0;0;48;18;0;0;37;18;0;0;252;18;0;0;98;11;0;0;159;10;0;0;222;11;0;0;155;8;0;0;149;8;0;0;202;7;0;0;235;4;0;0;92;4;0;0;70;4;0;0;30;3;0;0;213;2;0;0;140;2;0;0;129;2;0;0;97;2;0;0;97;2;0;0;191;2;0;0;195;2;0;0;196;2;0;0;242;2;0;0;52;3;0;0;111;3;0;0;121;3;0;0;124;3;0;0;179;3;0;0;118;3;0;0;175;3;0;0;119;3;0;0;94;3;0;0;223;2;0;0;77;3;0;0;75;3;0;0;60;3;0;0;86;3;0;0;53;3;0;0;71;3;0;0;119;3;0;0;48;3;0;0;254;2;0;0;43;3;0;0;20;3;0;0;133;3;0;0;91;3;0;0;129;3;0;0;192;3;0;0;171;3;0;0;158;3;0;0;186;3;0;0;6;4;0;0;5;4;0;0;30;4;0;0;57;4;0;0;50;4;0;0;33;4;0;0;
n02091635_1621.jpg;109;1;0;0;108;1;0;0;137;1;0;0;213;0;0;0;205;0;0;0;163;0;0;0;164;0;0;0;142;0;0;0;132;0;0;0;151;0;0;0;139;0;0;0;146;0;0;0;144;0;0;0;141;0;0;0;171;0;0;0;157;0;0;0;189;0;0;0;196;0;0;0;216;0;0;0;248;0;0;0;0;1;0;0;51;1;0;0;64;1;0;0;4;1;0;0;35;1;0;0;17;1;0;0;62;1;0;0;62;1;0;0;43;1;0;0;54;1;0;0;70;1;0;0;62;1;0;0;56;1;0;0;94;1;0;0;65;1;0;0;46;1;0;0;72;1;0;0;75;1;0;0;59;1;0;0;63;1;0;0;37;1;0;0;44;1;0;0;41;1;0;0;31;1;0;0;57;1;0;0;49;1;0;0;27;1;0;0;36;1;0;0;244;0;0;0;32;1;0;0;9;1;0;0;236;0;0;0;215;0;0;0;234;0;0;0;242;0;0;0;214;0;0;0;205;0;0;0;222;0;0;0;178;0;0;0;175;0;0;0;213;0;0;0;181;0;0;0;201;0;0;0;154;0;0;0;
n02091635_1634.jpg;254;3;0;0;49;82;0;0;222;10;0;0;108;6;0;0;72;5;0;0;221;3;0;0;72;3;0;0;209;2;0;0;105;2;0;0;96;2;0;0;95;2;0;0;117;2;0;0;154;2;0;0;137;2;0;0;203;2;0;0;237;2;0;0;68;3;0;0;134;3;0;0;152;3;0;0;197;3;0;0;214;3;0;0;54;4;0;0;125;4;0;0;184;4;0;0;249;4;0;0;76;5;0;0;140;5;0;0;245;5;0;0;135;6;0;0;195;6;0;0;233;6;0;0;114;7;0;0;196;7;0;0;23;8;0;0;30;8;0;0;80;8;0;0;142;8;0;0;91;8;0;0;173;8;0;0;190;8;0;0;232;8;0;0;66;9;0;0;231;8;0;0;11;9;0;0;78;9;0;0;226;9;0;0;20;10;0;0;99;10;0;0;89;10;0;0;97;10;0;0;102;10;0;0;159;10;0;0;184;10;0;0;205;10;0;0;165;10;0;0;179;10;0;0;217;10;0;0;251;10;0;0;174;10;0;0;237;10;0;0;136;10;0;0;170;10;0;0;154;10;0;0;91;10;0;0;
n02091635_1664.jpg;0;0;0;0;0;0;0;0;0;0;0;0;0;0;0;0;0;0;0;0;0;0;0;0;0;0;0;0;0;0;0;0;0;0;0;0;0;0;0;0;0;0;0;0;0;0;0;0;0;0;0;0;0;0;0;0;0;0;0;0;0;0;0;0;0;0;0;0;0;0;0;0;0;0;0;0;0;0;0;0;0;0;0;0;0;0;0;0;0;0;0;0;0;0;0;0;0;0;0;0;0;0;0;0;0;0;0;0;0;0;0;0;0;0;0;0;0;0;0;0;0;0;0;0;0;0;0;0;0;0;0;0;0;0;0;0;0;0;0;0;0;0;0;0;0;0;0;0;0;0;0;0;0;0;0;0;0;0;0;0;0;0;0;0;0;0;0;0;0;0;0;0;0;0;0;0;0;0;0;0;0;0;0;0;0;0;0;0;0;0;0;0;0;0;0;0;0;0;0;0;0;0;0;0;0;0;0;0;0;0;0;0;0;0;0;0;0;0;0;0;1;0;0;0;0;0;0;0;2;0;0;0;2;0;0;0;9;0;0;0;5;0;0;0;11;0;0;0;14;0;0;0;19;0;0;0;
n02091635_1671.jpg;8;0;0;0;49;0;0;0;36;0;0;0;64;0;0;0;79;0;0;0;87;0;0;0;114;0;0;0;117;0;0;0;152;0;0;0;124;0;0;0;130;0;0;0;145;0;0;0;149;0;0;0;167;0;0;0;190;0;0;0;164;0;0;0;222;0;0;0;229;0;0;0;221;0;0;0;13;1;0;0;15;1;0;0;71;1;0;0;115;1;0;0;230;1;0;0;248;1;0;0;129;2;0;0;150;2;0;0;36;3;0;0;152;3;0;0;1;4;0;0;64;4;0;0;178;4;0;0;192;4;0;0;55;5;0;0;128;5;0;0;19;5;0;0;114;5;0;0;103;5;0;0;126;5;0;0;86;5;0;0;226;4;0;0;0;5;0;0;140;4;0;0;130;4;0;0;46;4;0;0;203;3;0;0;157;3;0;0;164;3;0;0;111;3;0;0;114;3;0;0;54;3;0;0;19;3;0;0;215;2;0;0;168;2;0;0;151;2;0;0;116;2;0;0;104;2;0;0;70;2;0;0;70;2;0;0;31;2;0;0;8;2;0;0;0;2;0;0;246;1;0;0;231;1;0;0;
n02091635_1706.jpg;0;0;0;0;8;0;0;0;90;0;0;0;220;0;0;0;76;1;0;0;134;1;0;0;209;1;0;0;212;1;0;0;230;1;0;0;4;2;0;0;44;2;0;0;113;2;0;0;134;2;0;0;169;2;0;0;39;3;0;0;12;3;0;0;21;3;0;0;38;3;0;0;58;3;0;0;102;3;0;0;48;3;0;0;89;3;0;0;65;3;0;0;43;3;0;0;53;3;0;0;43;3;0;0;116;3;0;0;140;3;0;0;149;3;0;0;101;3;0;0;153;3;0;0;223;3;0;0;219;3;0;0;23;4;0;0;15;4;0;0;226;3;0;0;167;3;0;0;86;3;0;0;57;3;0;0;220;2;0;0;167;2;0;0;124;2;0;0;67;2;0;0;97;2;0;0;66;2;0;0;102;2;0;0;85;2;0;0;106;2;0;0;45;2;0;0;59;2;0;0;34;2;0;0;87;2;0;0;17;2;0;0;64;2;0;0;32;2;0;0;228;1;0;0;19;2;0;0;206;1;0;0;224;1;0;0;206;1;0;0;228;1;0;0;249;1;0;0;200;1;0;0;230;1;0;0;
n02091635_1726.jpg;6;12;0;0;134;3;0;0;138;2;0;0;104;2;0;0;129;2;0;0;166;1;0;0;78;1;0;0;86;1;0;0;26;1;0;0;36;1;0;0;54;1;0;0;253;0;0;0;26;1;0;0;72;1;0;0;51;1;0;0;79;1;0;0;73;1;0;0;114;1;0;0;95;1;0;0;50;1;0;0;18;1;0;0;41;1;0;0;31;1;0;0;18;1;0;0;12;1;0;0;233;0;0;0;13;1;0;0;213;0;0;0;209;0;0;0;171;0;0;0;158;0;0;0;181;0;0;0;128;0;0;0;126;0;0;0;112;0;0;0;137;0;0;0;103;0;0;0;95;0;0;0;97;0;0;0;62;0;0;0;76;0;0;0;83;0;0;0;91;0;0;0;88;0;0;0;86;0;0;0;99;0;0;0;99;0;0;0;101;0;0;0;108;0;0;0;128;0;0;0;112;0;0;0;114;0;0;0;135;0;0;0;122;0;0;0;137;0;0;0;152;0;0;0;150;0;0;0;160;0;0;0;151;0;0;0;141;0;0;0;165;0;0;0;187;0;0;0;158;0;0;0;186;0;0;0;
n02091635_1766.jpg;35;0;0;0;42;2;0;0;28;1;0;0;158;1;0;0;77;2;0;0;201;2;0;0;233;3;0;0;50;5;0;0;140;6;0;0;156;8;0;0;213;10;0;0;174;13;0;0;67;16;0;0;45;19;0;0;232;21;0;0;16;25;0;0;224;25;0;0;248;28;0;0;35;30;0;0;242;30;0;0;108;31;0;0;44;31;0;0;103;30;0;0;6;29;0;0;172;27;0;0;27;26;0;0;2;25;0;0;225;22;0;0;102;21;0;0;130;19;0;0;163;18;0;0;236;16;0;0;27;16;0;0;21;15;0;0;144;13;0;0;220;12;0;0;196;11;0;0;132;11;0;0;106;10;0;0;61;9;0;0;197;8;0;0;232;7;0;0;127;7;0;0;238;6;0;0;143;6;0;0;47;6;0;0;199;5;0;0;163;5;0;0;85;5;0;0;68;5;0;0;30;5;0;0;227;4;0;0;251;4;0;0;203;4;0;0;173;4;0;0;184;4;0;0;242;4;0;0;221;4;0;0;29;5;0;0;252;4;0;0;20;5;0;0;76;5;0;0;127;5;0;0;98;5;0;0;
n02091635_1808.jpg;0;0;0;0;1;0;0;0;0;0;0;0;3;0;0;0;4;0;0;0;4;0;0;0;16;0;0;0;15;0;0;0;21;0;0;0;26;0;0;0;24;0;0;0;23;0;0;0;24;0;0;0;24;0;0;0;33;0;0;0;46;0;0;0;40;0;0;0;48;0;0;0;60;0;0;0;58;0;0;0;65;0;0;0;55;0;0;0;67;0;0;0;73;0;0;0;76;0;0;0;83;0;0;0;109;0;0;0;113;0;0;0;74;0;0;0;108;0;0;0;111;0;0;0;112;0;0;0;120;0;0;0;97;0;0;0;130;0;0;0;127;0;0;0;116;0;0;0;119;0;0;0;141;0;0;0;143;0;0;0;140;0;0;0;167;0;0;0;130;0;0;0;147;0;0;0;134;0;0;0;176;0;0;0;152;0;0;0;171;0;0;0;163;0;0;0;177;0;0;0;168;0;0;0;195;0;0;0;186;0;0;0;175;0;0;0;208;0;0;0;188;0;0;0;198;0;0;0;210;0;0;0;231;0;0;0;200;0;0;0;220;0;0;0;232;0;0;0;234;0;0;0;253;0;0;0;
n02091635_1840.jpg;0;0;0;0;29;0;0;0;38;0;0;0;65;0;0;0;90;0;0;0;132;0;0;0;137;0;0;0;202;0;0;0;225;0;0;0;246;0;0;0;29;1;0;0;45;1;0;0;69;1;0;0;47;1;0;0;57;1;0;0;41;1;0;0;77;1;0;0;75;1;0;0;89;1;0;0;94;1;0;0;59;1;0;0;87;1;0;0;90;1;0;0;97;1;0;0;85;1;0;0;92;1;0;0;110;1;0;0;122;1;0;0;106;1;0;0;88;1;0;0;157;1;0;0;166;1;0;0;109;1;0;0;197;1;0;0;175;1;0;0;203;1;0;0;193;1;0;0;26;2;0;0;231;1;0;0;11;2;0;0;245;1;0;0;41;2;0;0;52;2;0;0;11;2;0;0;46;2;0;0;44;2;0;0;228;1;0;0;228;1;0;0;230;1;0;0;0;2;0;0;206;1;0;0;237;1;0;0;212;1;0;0;237;1;0;0;233;1;0;0;255;1;0;0;214;1;0;0;228;1;0;0;209;1;0;0;210;1;0;0;189;1;0;0;192;1;0;0;236;1;0;0;204;1;0;0;
n02091635_1860.jpg;1;0;0;0;0;0;0;0;2;0;0;0;8;0;0;0;7;0;0;0;14;0;0;0;17;0;0;0;15;0;0;0;33;0;0;0;32;0;0;0;46;0;0;0;72;0;0;0;74;0;0;0;88;0;0;0;90;0;0;0;110;0;0;0;119;0;0;0;130;0;0;0;144;0;0;0;116;0;0;0;133;0;0;0;145;0;0;0;146;0;0;0;155;0;0;0;164;0;0;0;170;0;0;0;147;0;0;0;171;0;0;0;136;0;0;0;151;0;0;0;156;0;0;0;139;0;0;0;182;0;0;0;141;0;0;0;133;0;0;0;124;0;0;0;125;0;0;0;137;0;0;0;147;0;0;0;128;0;0;0;144;0;0;0;133;0;0;0;118;0;0;0;129;0;0;0;129;0;0;0;122;0;0;0;124;0;0;0;109;0;0;0;110;0;0;0;105;0;0;0;107;0;0;0;96;0;0;0;100;0;0;0;106;0;0;0;90;0;0;0;96;0;0;0;92;0;0;0;95;0;0;0;110;0;0;0;100;0;0;0;109;0;0;0;102;0;0;0;103;0;0;0;92;0;0;0;
n02091635_1879.jpg;0;0;0;0;9;0;0;0;6;0;0;0;8;0;0;0;15;0;0;0;43;0;0;0;71;0;0;0;168;0;0;0;55;1;0;0;233;1;0;0;198;1;0;0;158;1;0;0;29;1;0;0;240;0;0;0;167;0;0;0;160;0;0;0;166;0;0;0;136;0;0;0;154;0;0;0;129;0;0;0;131;0;0;0;141;0;0;0;136;0;0;0;129;0;0;0;113;0;0;0;128;0;0;0;105;0;0;0;94;0;0;0;86;0;0;0;77;0;0;0;83;0;0;0;72;0;0;0;61;0;0;0;63;0;0;0;64;0;0;0;71;0;0;0;67;0;0;0;61;0;0;0;44;0;0;0;54;0;0;0;51;0;0;0;52;0;0;0;39;0;0;0;43;0;0;0;54;0;0;0;40;0;0;0;46;0;0;0;47;0;0;0;56;0;0;0;41;0;0;0;50;0;0;0;38;0;0;0;44;0;0;0;37;0;0;0;41;0;0;0;39;0;0;0;39;0;0;0;32;0;0;0;53;0;0;0;31;0;0;0;40;0;0;0;48;0;0;0;45;0;0;0;40;0;0;0;
n02091635_192.jpg;1;0;0;0;16;0;0;0;13;0;0;0;19;0;0;0;39;0;0;0;50;0;0;0;75;0;0;0;131;0;0;0;184;0;0;0;86;1;0;0;130;1;0;0;229;2;0;0;89;2;0;0;207;6;0;0;205;1;0;0;241;1;0;0;236;1;0;0;172;1;0;0;227;1;0;0;199;1;0;0;220;1;0;0;177;1;0;0;150;1;0;0;205;1;0;0;41;2;0;0;249;1;0;0;235;1;0;0;228;1;0;0;196;1;0;0;154;1;0;0;203;1;0;0;153;1;0;0;165;1;0;0;124;1;0;0;146;1;0;0;121;1;0;0;103;1;0;0;123;1;0;0;154;1;0;0;111;1;0;0;97;1;0;0;79;1;0;0;117;1;0;0;101;1;0;0;71;1;0;0;100;1;0;0;152;1;0;0;136;1;0;0;104;1;0;0;118;1;0;0;149;1;0;0;189;1;0;0;127;1;0;0;155;1;0;0;196;1;0;0;222;1;0;0;212;1;0;0;230;1;0;0;121;2;0;0;246;1;0;0;75;2;0;0;11;2;0;0;240;1;0;0;254;1;0;0;
n02091635_2.jpg;0;0;0;0;0;0;0;0;1;0;0;0;1;0;0;0;1;0;0;0;0;0;0;0;0;0;0;0;2;0;0;0;2;0;0;0;5;0;0;0;1;0;0;0;3;0;0;0;5;0;0;0;4;0;0;0;3;0;0;0;5;0;0;0;8;0;0;0;12;0;0;0;14;0;0;0;14;0;0;0;15;0;0;0;16;0;0;0;36;0;0;0;39;0;0;0;36;0;0;0;27;0;0;0;37;0;0;0;37;0;0;0;31;0;0;0;38;0;0;0;34;0;0;0;39;0;0;0;51;0;0;0;48;0;0;0;49;0;0;0;38;0;0;0;53;0;0;0;58;0;0;0;53;0;0;0;56;0;0;0;51;0;0;0;64;0;0;0;68;0;0;0;77;0;0;0;78;0;0;0;67;0;0;0;70;0;0;0;74;0;0;0;89;0;0;0;83;0;0;0;77;0;0;0;75;0;0;0;96;0;0;0;95;0;0;0;82;0;0;0;106;0;0;0;121;0;0;0;115;0;0;0;124;0;0;0;137;0;0;0;153;0;0;0;161;0;0;0;154;0;0;0;162;0;0;0;
n02091635_2011.jpg;0;0;0;0;0;0;0;0;1;0;0;0;3;0;0;0;29;0;0;0;109;0;0;0;77;1;0;0;216;2;0;0;193;4;0;0;135;5;0;0;181;5;0;0;108;5;0;0;113;5;0;0;20;5;0;0;63;5;0;0;208;4;0;0;152;4;0;0;41;4;0;0;44;4;0;0;244;3;0;0;47;4;0;0;208;3;0;0;224;3;0;0;230;3;0;0;150;3;0;0;236;3;0;0;170;3;0;0;154;3;0;0;211;3;0;0;189;3;0;0;178;3;0;0;139;3;0;0;192;3;0;0;197;3;0;0;157;3;0;0;177;3;0;0;208;3;0;0;184;3;0;0;172;3;0;0;148;3;0;0;157;3;0;0;122;3;0;0;71;3;0;0;95;3;0;0;47;3;0;0;28;3;0;0;64;3;0;0;25;3;0;0;235;2;0;0;245;2;0;0;240;2;0;0;235;2;0;0;174;2;0;0;138;2;0;0;145;2;0;0;182;2;0;0;95;2;0;0;154;2;0;0;78;2;0;0;142;2;0;0;101;2;0;0;70;2;0;0;117;2;0;0;56;2;0;0;
n02091635_2014.jpg;0;0;0;0;1;0;0;0;5;0;0;0;6;0;0;0;9;0;0;0;7;0;0;0;1;0;0;0;9;0;0;0;8;0;0;0;4;0;0;0;5;0;0;0;4;0;0;0;6;0;0;0;2;0;0;0;2;0;0;0;1;0;0;0;3;0;0;0;6;0;0;0;3;0;0;0;5;0;0;0;7;0;0;0;7;0;0;0;6;0;0;0;6;0;0;0;4;0;0;0;6;0;0;0;10;0;0;0;9;0;0;0;9;0;0;0;6;0;0;0;12;0;0;0;19;0;0;0;8;0;0;0;14;0;0;0;14;0;0;0;15;0;0;0;23;0;0;0;31;0;0;0;39;0;0;0;46;0;0;0;62;0;0;0;66;0;0;0;82;0;0;0;80;0;0;0;90;0;0;0;113;0;0;0;97;0;0;0;64;0;0;0;54;0;0;0;56;0;0;0;64;0;0;0;70;0;0;0;62;0;0;0;67;0;0;0;56;0;0;0;61;0;0;0;60;0;0;0;52;0;0;0;59;0;0;0;58;0;0;0;71;0;0;0;71;0;0;0;70;0;0;0;76;0;0;0;
n02091635_2018.jpg;0;0;0;0;0;0;0;0;0;0;0;0;0;0;0;0;0;0;0;0;0;0;0;0;0;0;0;0;0;0;0;0;0;0;0;0;0;0;0;0;0;0;0;0;0;0;0;0;0;0;0;0;1;0;0;0;0;0;0;0;0;0;0;0;0;0;0;0;1;0;0;0;2;0;0;0;3;0;0;0;2;0;0;0;1;0;0;0;0;0;0;0;0;0;0;0;1;0;0;0;4;0;0;0;5;0;0;0;5;0;0;0;4;0;0;0;12;0;0;0;9;0;0;0;16;0;0;0;19;0;0;0;27;0;0;0;49;0;0;0;66;0;0;0;125;0;0;0;155;0;0;0;213;0;0;0;58;1;0;0;171;1;0;0;198;2;0;0;159;3;0;0;185;4;0;0;155;55;0;0;175;6;0;0;98;7;0;0;149;14;0;0;249;6;0;0;5;7;0;0;168;7;0;0;10;6;0;0;67;6;0;0;76;6;0;0;25;6;0;0;57;6;0;0;214;6;0;0;94;6;0;0;108;6;0;0;75;6;0;0;128;6;0;0;169;6;0;0;244;6;0;0;215;6;0;0;
n02091635_2067.jpg;16;0;0;0;75;0;0;0;75;0;0;0;62;0;0;0;76;0;0;0;76;0;0;0;128;0;0;0;127;0;0;0;116;0;0;0;130;0;0;0;183;0;0;0;146;0;0;0;179;0;0;0;17;1;0;0;214;0;0;0;23;1;0;0;80;1;0;0;94;1;0;0;117;1;0;0;127;1;0;0;18;2;0;0;19;2;0;0;201;2;0;0;17;3;0;0;44;5;0;0;113;3;0;0;51;5;0;0;8;4;0;0;82;5;0;0;75;4;0;0;108;5;0;0;241;3;0;0;255;3;0;0;177;3;0;0;179;3;0;0;7;4;0;0;12;4;0;0;223;3;0;0;244;3;0;0;168;3;0;0;102;4;0;0;32;4;0;0;179;4;0;0;133;3;0;0;56;4;0;0;19;3;0;0;106;3;0;0;226;2;0;0;168;2;0;0;90;2;0;0;112;2;0;0;32;2;0;0;253;1;0;0;220;1;0;0;222;1;0;0;219;1;0;0;249;1;0;0;10;2;0;0;223;1;0;0;240;1;0;0;245;1;0;0;242;1;0;0;201;1;0;0;204;1;0;0;
n02091635_2068.jpg;22;0;0;0;55;0;0;0;47;0;0;0;32;0;0;0;32;0;0;0;31;0;0;0;23;0;0;0;36;0;0;0;16;0;0;0;20;0;0;0;20;0;0;0;22;0;0;0;17;0;0;0;27;0;0;0;15;0;0;0;28;0;0;0;28;0;0;0;31;0;0;0;34;0;0;0;32;0;0;0;31;0;0;0;45;0;0;0;57;0;0;0;38;0;0;0;41;0;0;0;61;0;0;0;66;0;0;0;61;0;0;0;68;0;0;0;82;0;0;0;76;0;0;0;86;0;0;0;108;0;0;0;90;0;0;0;130;0;0;0;117;0;0;0;146;0;0;0;140;0;0;0;158;0;0;0;170;0;0;0;215;0;0;0;225;0;0;0;213;0;0;0;231;0;0;0;253;0;0;0;42;1;0;0;47;1;0;0;73;1;0;0;107;1;0;0;115;1;0;0;147;1;0;0;138;1;0;0;167;1;0;0;182;1;0;0;204;1;0;0;219;1;0;0;246;1;0;0;37;2;0;0;12;2;0;0;92;2;0;0;104;2;0;0;120;2;0;0;134;2;0;0;173;2;0;0;
n02091635_2084.jpg;0;0;0;0;0;0;0;0;0;0;0;0;0;0;0;0;0;0;0;0;0;0;0;0;0;0;0;0;0;0;0;0;0;0;0;0;0;0;0;0;0;0;0;0;0;0;0;0;0;0;0;0;0;0;0;0;0;0;0;0;0;0;0;0;0;0;0;0;0;0;0;0;0;0;0;0;2;0;0;0;0;0;0;0;0;0;0;0;0;0;0;0;1;0;0;0;5;0;0;0;4;0;0;0;5;0;0;0;4;0;0;0;79;0;0;0;55;0;0;0;64;0;0;0;28;0;0;0;70;0;0;0;52;0;0;0;73;0;0;0;49;0;0;0;152;0;0;0;111;0;0;0;77;103;0;0;104;2;0;0;166;3;0;0;185;0;0;0;150;2;0;0;173;2;0;0;50;1;0;0;159;1;0;0;0;5;0;0;234;1;0;0;139;63;0;0;41;4;0;0;242;7;0;0;155;2;0;0;19;4;0;0;171;5;0;0;45;4;0;0;186;2;0;0;196;9;0;0;94;5;0;0;47;93;0;0;171;5;0;0;31;11;0;0;200;3;0;0;109;5;0;0;221;7;0;0;
n02091635_2089.jpg;12;0;0;0;63;0;0;0;88;0;0;0;120;0;0;0;150;0;0;0;130;0;0;0;141;0;0;0;156;0;0;0;169;0;0;0;163;0;0;0;156;0;0;0;196;0;0;0;206;0;0;0;206;0;0;0;244;0;0;0;0;1;0;0;23;1;0;0;102;1;0;0;90;1;0;0;110;1;0;0;158;1;0;0;210;1;0;0;240;1;0;0;232;1;0;0;17;2;0;0;4;2;0;0;31;2;0;0;63;2;0;0;250;1;0;0;250;1;0;0;30;2;0;0;36;2;0;0;65;2;0;0;53;2;0;0;48;2;0;0;57;2;0;0;52;2;0;0;10;2;0;0;254;1;0;0;204;1;0;0;195;1;0;0;212;1;0;0;191;1;0;0;150;1;0;0;154;1;0;0;143;1;0;0;138;1;0;0;155;1;0;0;155;1;0;0;134;1;0;0;99;1;0;0;156;1;0;0;133;1;0;0;109;1;0;0;164;1;0;0;153;1;0;0;144;1;0;0;149;1;0;0;155;1;0;0;151;1;0;0;180;1;0;0;164;1;0;0;153;1;0;0;173;1;0;0;
n02091635_2112.jpg;0;0;0;0;0;0;0;0;0;0;0;0;0;0;0;0;0;0;0;0;1;0;0;0;2;0;0;0;1;0;0;0;3;0;0;0;1;0;0;0;2;0;0;0;2;0;0;0;4;0;0;0;5;0;0;0;4;0;0;0;5;0;0;0;9;0;0;0;1;0;0;0;8;0;0;0;3;0;0;0;6;0;0;0;1;0;0;0;7;0;0;0;7;0;0;0;4;0;0;0;8;0;0;0;6;0;0;0;12;0;0;0;13;0;0;0;9;0;0;0;7;0;0;0;7;0;0;0;16;0;0;0;17;0;0;0;10;0;0;0;13;0;0;0;23;0;0;0;23;0;0;0;25;0;0;0;37;0;0;0;28;0;0;0;44;0;0;0;54;0;0;0;55;0;0;0;55;0;0;0;73;0;0;0;82;0;0;0;89;0;0;0;155;0;0;0;148;0;0;0;152;0;0;0;182;0;0;0;242;0;0;0;8;1;0;0;39;1;0;0;173;1;0;0;228;1;0;0;4;2;0;0;245;1;0;0;59;2;0;0;212;2;0;0;211;2;0;0;196;2;0;0;18;3;0;0;
n02091635_2114.jpg;0;0;0;0;0;0;0;0;1;0;0;0;0;0;0;0;2;0;0;0;1;0;0;0;12;0;0;0;13;0;0;0;17;0;0;0;35;0;0;0;52;0;0;0;106;0;0;0;155;0;0;0;215;0;0;0;26;1;0;0;24;1;0;0;75;1;0;0;97;1;0;0;128;1;0;0;207;1;0;0;205;1;0;0;53;2;0;0;85;2;0;0;105;2;0;0;91;2;0;0;177;2;0;0;137;2;0;0;181;2;0;0;194;2;0;0;168;2;0;0;179;2;0;0;196;2;0;0;158;2;0;0;241;2;0;0;178;2;0;0;207;2;0;0;187;2;0;0;31;3;0;0;183;2;0;0;227;2;0;0;9;3;0;0;227;2;0;0;213;2;0;0;19;3;0;0;207;2;0;0;234;2;0;0;180;2;0;0;1;3;0;0;246;2;0;0;230;2;0;0;201;2;0;0;246;2;0;0;3;3;0;0;189;2;0;0;187;2;0;0;188;2;0;0;172;2;0;0;170;2;0;0;183;2;0;0;94;2;0;0;132;2;0;0;96;2;0;0;111;2;0;0;150;2;0;0;
n02091635_2120.jpg;0;0;0;0;0;0;0;0;0;0;0;0;0;0;0;0;0;0;0;0;0;0;0;0;0;0;0;0;0;0;0;0;0;0;0;0;0;0;0;0;0;0;0;0;0;0;0;0;0;0;0;0;0;0;0;0;0;0;0;0;0;0;0;0;0;0;0;0;0;0;0;0;0;0;0;0;0;0;0;0;0;0;0;0;0;0;0;0;0;0;0;0;0;0;0;0;0;0;0;0;0;0;0;0;0;0;0;0;0;0;0;0;0;0;0;0;0;0;0;0;0;0;0;0;0;0;0;0;0;0;0;0;0;0;0;0;0;0;0;0;0;0;0;0;0;0;0;0;0;0;0;0;1;0;0;0;1;0;0;0;0;0;0;0;1;0;0;0;1;0;0;0;2;0;0;0;0;0;0;0;3;0;0;0;2;0;0;0;11;0;0;0;10;0;0;0;30;0;0;0;46;0;0;0;68;0;0;0;152;0;0;0;43;1;0;0;140;5;0;0;192;20;0;0;153;9;0;0;44;7;0;0;231;4;0;0;231;3;0;0;97;3;0;0;229;2;0;0;145;2;0;0;118;2;0;0;
n02091635_215.jpg;0;0;0;0;0;0;0;0;0;0;0;0;0;0;0;0;2;0;0;0;1;0;0;0;0;0;0;0;5;0;0;0;3;0;0;0;2;0;0;0;12;0;0;0;5;0;0;0;9;0;0;0;13;0;0;0;11;0;0;0;18;0;0;0;26;0;0;0;21;0;0;0;25;0;0;0;33;0;0;0;38;0;0;0;42;0;0;0;43;0;0;0;58;0;0;0;46;0;0;0;67;0;0;0;66;0;0;0;55;0;0;0;52;0;0;0;41;0;0;0;78;0;0;0;63;0;0;0;62;0;0;0;58;0;0;0;61;0;0;0;57;0;0;0;62;0;0;0;66;0;0;0;63;0;0;0;60;0;0;0;62;0;0;0;49;0;0;0;60;0;0;0;80;0;0;0;76;0;0;0;67;0;0;0;77;0;0;0;79;0;0;0;66;0;0;0;72;0;0;0;60;0;0;0;73;0;0;0;80;0;0;0;88;0;0;0;78;0;0;0;86;0;0;0;91;0;0;0;80;0;0;0;106;0;0;0;103;0;0;0;114;0;0;0;105;0;0;0;97;0;0;0;95;0;0;0;
n02091635_2183.jpg;53;3;0;0;86;0;0;0;30;0;0;0;29;0;0;0;25;0;0;0;82;0;0;0;84;0;0;0;89;0;0;0;8;1;0;0;217;0;0;0;180;0;0;0;126;0;0;0;86;0;0;0;116;0;0;0;97;0;0;0;119;0;0;0;88;0;0;0;140;0;0;0;118;0;0;0;105;0;0;0;131;0;0;0;116;0;0;0;104;0;0;0;126;0;0;0;136;0;0;0;122;0;0;0;132;0;0;0;149;0;0;0;163;0;0;0;177;0;0;0;158;0;0;0;164;0;0;0;138;0;0;0;166;0;0;0;217;0;0;0;178;0;0;0;182;0;0;0;185;0;0;0;182;0;0;0;173;0;0;0;187;0;0;0;162;0;0;0;209;0;0;0;236;0;0;0;231;0;0;0;222;0;0;0;227;0;0;0;227;0;0;0;239;0;0;0;211;0;0;0;223;0;0;0;208;0;0;0;229;0;0;0;237;0;0;0;230;0;0;0;3;1;0;0;252;0;0;0;20;1;0;0;64;1;0;0;71;1;0;0;104;1;0;0;161;1;0;0;203;1;0;0;219;1;0;0;
n02091635_220.jpg;0;0;0;0;0;0;0;0;0;0;0;0;0;0;0;0;1;0;0;0;2;0;0;0;3;0;0;0;3;0;0;0;13;0;0;0;29;0;0;0;26;0;0;0;43;0;0;0;74;0;0;0;93;0;0;0;139;0;0;0;141;0;0;0;209;0;0;0;196;0;0;0;234;0;0;0;231;0;0;0;239;0;0;0;245;0;0;0;227;0;0;0;246;0;0;0;221;0;0;0;227;0;0;0;252;0;0;0;248;0;0;0;3;1;0;0;44;1;0;0;117;1;0;0;124;1;0;0;178;1;0;0;179;1;0;0;236;1;0;0;1;2;0;0;19;2;0;0;87;2;0;0;61;2;0;0;77;2;0;0;48;2;0;0;77;2;0;0;7;2;0;0;8;2;0;0;58;2;0;0;150;2;0;0;121;2;0;0;102;2;0;0;80;2;0;0;142;2;0;0;154;2;0;0;191;2;0;0;235;2;0;0;10;3;0;0;126;3;0;0;206;3;0;0;233;3;0;0;85;4;0;0;117;4;0;0;216;4;0;0;65;5;0;0;211;5;0;0;192;5;0;0;68;6;0;0;
n02091635_2221.jpg;173;4;0;0;18;10;0;0;70;6;0;0;122;4;0;0;93;3;0;0;90;3;0;0;113;3;0;0;120;3;0;0;242;3;0;0;18;4;0;0;105;4;0;0;212;4;0;0;103;5;0;0;83;5;0;0;226;4;0;0;144;4;0;0;130;4;0;0;37;4;0;0;35;4;0;0;96;4;0;0;195;4;0;0;246;4;0;0;20;5;0;0;94;5;0;0;125;5;0;0;138;5;0;0;98;5;0;0;61;5;0;0;55;5;0;0;237;4;0;0;59;5;0;0;168;4;0;0;168;4;0;0;145;4;0;0;59;4;0;0;135;4;0;0;128;4;0;0;96;4;0;0;53;4;0;0;12;4;0;0;202;3;0;0;85;3;0;0;60;3;0;0;82;3;0;0;98;3;0;0;90;3;0;0;49;3;0;0;20;3;0;0;36;3;0;0;228;2;0;0;37;3;0;0;112;3;0;0;115;3;0;0;122;3;0;0;170;3;0;0;203;3;0;0;239;3;0;0;253;3;0;0;15;4;0;0;223;3;0;0;0;4;0;0;236;3;0;0;49;4;0;0;22;4;0;0;
n02091635_2277.jpg;0;0;0;0;0;0;0;0;0;0;0;0;0;0;0;0;0;0;0;0;0;0;0;0;0;0;0;0;0;0;0;0;0;0;0;0;0;0;0;0;0;0;0;0;0;0;0;0;1;0;0;0;2;0;0;0;0;0;0;0;3;0;0;0;0;0;0;0;9;0;0;0;11;0;0;0;11;0;0;0;20;0;0;0;16;0;0;0;31;0;0;0;34;0;0;0;23;0;0;0;42;0;0;0;36;0;0;0;46;0;0;0;53;0;0;0;64;0;0;0;68;0;0;0;64;0;0;0;55;0;0;0;63;0;0;0;62;0;0;0;75;0;0;0;78;0;0;0;97;0;0;0;92;0;0;0;91;0;0;0;104;0;0;0;113;0;0;0;111;0;0;0;129;0;0;0;113;0;0;0;113;0;0;0;102;0;0;0;100;0;0;0;106;0;0;0;102;0;0;0;100;0;0;0;115;0;0;0;118;0;0;0;124;0;0;0;120;0;0;0;123;0;0;0;118;0;0;0;133;0;0;0;122;0;0;0;124;0;0;0;134;0;0;0;136;0;0;0;151;0;0;0;174;0;0;0;
n02091635_2287.jpg;6;0;0;0;25;0;0;0;23;0;0;0;28;0;0;0;32;0;0;0;25;0;0;0;33;0;0;0;46;0;0;0;39;0;0;0;38;0;0;0;56;0;0;0;74;0;0;0;71;0;0;0;78;0;0;0;82;0;0;0;64;0;0;0;63;0;0;0;91;0;0;0;82;0;0;0;105;0;0;0;101;0;0;0;130;0;0;0;144;0;0;0;163;0;0;0;165;0;0;0;211;0;0;0;200;0;0;0;252;0;0;0;247;0;0;0;51;1;0;0;83;1;0;0;78;1;0;0;155;1;0;0;179;1;0;0;205;1;0;0;235;1;0;0;67;2;0;0;66;2;0;0;92;2;0;0;85;2;0;0;73;2;0;0;20;2;0;0;114;2;0;0;253;1;0;0;58;2;0;0;248;1;0;0;209;1;0;0;166;1;0;0;176;1;0;0;117;1;0;0;116;1;0;0;69;1;0;0;66;1;0;0;43;1;0;0;25;1;0;0;6;1;0;0;27;1;0;0;13;1;0;0;247;0;0;0;12;1;0;0;235;0;0;0;9;1;0;0;7;1;0;0;16;1;0;0;
n02091635_2305.jpg;58;134;0;0;153;43;0;0;17;19;0;0;168;11;0;0;110;8;0;0;156;6;0;0;224;5;0;0;119;5;0;0;135;5;0;0;101;5;0;0;119;5;0;0;75;5;0;0;49;5;0;0;177;4;0;0;189;4;0;0;193;4;0;0;209;4;0;0;215;4;0;0;204;4;0;0;153;4;0;0;83;4;0;0;38;4;0;0;10;4;0;0;244;3;0;0;176;3;0;0;142;3;0;0;126;3;0;0;75;3;0;0;74;3;0;0;46;3;0;0;52;3;0;0;34;3;0;0;77;3;0;0;83;3;0;0;55;3;0;0;103;3;0;0;49;3;0;0;83;3;0;0;25;3;0;0;61;3;0;0;33;3;0;0;39;3;0;0;35;3;0;0;76;3;0;0;49;3;0;0;27;3;0;0;62;3;0;0;94;3;0;0;87;3;0;0;46;3;0;0;87;3;0;0;75;3;0;0;110;3;0;0;107;3;0;0;158;3;0;0;158;3;0;0;46;3;0;0;104;3;0;0;148;3;0;0;111;3;0;0;152;3;0;0;89;3;0;0;101;3;0;0;79;3;0;0;
n02091635_2312.jpg;10;0;0;0;135;0;0;0;124;1;0;0;175;2;0;0;164;1;0;0;244;0;0;0;178;0;0;0;167;0;0;0;130;0;0;0;111;0;0;0;134;0;0;0;116;0;0;0;123;0;0;0;109;0;0;0;102;0;0;0;108;0;0;0;94;0;0;0;90;0;0;0;94;0;0;0;80;0;0;0;79;0;0;0;60;0;0;0;70;0;0;0;74;0;0;0;84;0;0;0;76;0;0;0;78;0;0;0;62;0;0;0;75;0;0;0;75;0;0;0;64;0;0;0;59;0;0;0;47;0;0;0;66;0;0;0;61;0;0;0;59;0;0;0;52;0;0;0;54;0;0;0;49;0;0;0;62;0;0;0;48;0;0;0;52;0;0;0;69;0;0;0;57;0;0;0;47;0;0;0;53;0;0;0;64;0;0;0;49;0;0;0;49;0;0;0;53;0;0;0;57;0;0;0;54;0;0;0;60;0;0;0;40;0;0;0;55;0;0;0;53;0;0;0;47;0;0;0;40;0;0;0;51;0;0;0;41;0;0;0;56;0;0;0;52;0;0;0;57;0;0;0;49;0;0;0;
n02091635_2377.jpg;0;0;0;0;0;0;0;0;0;0;0;0;0;0;0;0;1;0;0;0;0;0;0;0;1;0;0;0;1;0;0;0;0;0;0;0;0;0;0;0;0;0;0;0;1;0;0;0;0;0;0;0;0;0;0;0;0;0;0;0;0;0;0;0;2;0;0;0;1;0;0;0;4;0;0;0;3;0;0;0;8;0;0;0;2;0;0;0;2;0;0;0;9;0;0;0;9;0;0;0;11;0;0;0;16;0;0;0;9;0;0;0;14;0;0;0;17;0;0;0;16;0;0;0;33;0;0;0;23;0;0;0;27;0;0;0;18;0;0;0;36;0;0;0;35;0;0;0;29;0;0;0;41;0;0;0;59;0;0;0;49;0;0;0;67;0;0;0;62;0;0;0;71;0;0;0;87;0;0;0;92;0;0;0;116;0;0;0;108;0;0;0;123;0;0;0;120;0;0;0;143;0;0;0;140;0;0;0;152;0;0;0;140;0;0;0;160;0;0;0;161;0;0;0;159;0;0;0;182;0;0;0;185;0;0;0;206;0;0;0;177;0;0;0;171;0;0;0;200;0;0;0;194;0;0;0;
n02091635_239.jpg;0;0;0;0;0;0;0;0;0;0;0;0;0;0;0;0;0;0;0;0;0;0;0;0;1;0;0;0;3;0;0;0;5;0;0;0;3;0;0;0;8;0;0;0;15;0;0;0;17;0;0;0;28;0;0;0;24;0;0;0;24;0;0;0;62;0;0;0;61;0;0;0;55;0;0;0;92;0;0;0;124;0;0;0;182;0;0;0;191;0;0;0;1;1;0;0;249;0;0;0;252;0;0;0;210;0;0;0;209;0;0;0;231;0;0;0;202;0;0;0;230;0;0;0;194;0;0;0;211;0;0;0;212;0;0;0;225;0;0;0;213;0;0;0;245;0;0;0;249;0;0;0;4;1;0;0;41;1;0;0;53;1;0;0;97;1;0;0;80;1;0;0;61;1;0;0;101;1;0;0;101;1;0;0;101;1;0;0;128;1;0;0;125;1;0;0;136;1;0;0;172;1;0;0;162;1;0;0;188;1;0;0;235;1;0;0;39;2;0;0;126;2;0;0;168;2;0;0;117;3;0;0;181;3;0;0;128;4;0;0;167;4;0;0;117;4;0;0;245;3;0;0;172;3;0;0;
n02091635_2464.jpg;0;0;0;0;0;0;0;0;1;0;0;0;0;0;0;0;1;0;0;0;0;0;0;0;2;0;0;0;16;0;0;0;78;0;0;0;165;0;0;0;46;1;0;0;83;1;0;0;104;1;0;0;101;1;0;0;102;1;0;0;120;1;0;0;123;1;0;0;104;1;0;0;108;1;0;0;102;1;0;0;134;1;0;0;81;1;0;0;109;1;0;0;107;1;0;0;124;1;0;0;124;1;0;0;137;1;0;0;98;1;0;0;159;1;0;0;162;1;0;0;141;1;0;0;123;1;0;0;144;1;0;0;131;1;0;0;150;1;0;0;179;1;0;0;161;1;0;0;158;1;0;0;184;1;0;0;153;1;0;0;205;1;0;0;253;1;0;0;8;2;0;0;249;1;0;0;4;2;0;0;25;2;0;0;44;2;0;0;70;2;0;0;18;2;0;0;115;2;0;0;100;2;0;0;184;2;0;0;153;2;0;0;94;2;0;0;173;2;0;0;225;2;0;0;17;3;0;0;95;3;0;0;137;3;0;0;186;3;0;0;160;3;0;0;9;4;0;0;237;3;0;0;23;4;0;0;
n02091635_2482.jpg;71;1;0;0;210;1;0;0;30;1;0;0;239;0;0;0;228;0;0;0;216;0;0;0;236;0;0;0;206;0;0;0;230;0;0;0;212;0;0;0;198;0;0;0;198;0;0;0;188;0;0;0;183;0;0;0;185;0;0;0;179;0;0;0;161;0;0;0;177;0;0;0;154;0;0;0;163;0;0;0;165;0;0;0;134;0;0;0;141;0;0;0;114;0;0;0;115;0;0;0;95;0;0;0;105;0;0;0;96;0;0;0;100;0;0;0;89;0;0;0;103;0;0;0;108;0;0;0;83;0;0;0;101;0;0;0;97;0;0;0;90;0;0;0;99;0;0;0;103;0;0;0;94;0;0;0;91;0;0;0;103;0;0;0;106;0;0;0;91;0;0;0;79;0;0;0;97;0;0;0;83;0;0;0;98;0;0;0;97;0;0;0;81;0;0;0;83;0;0;0;90;0;0;0;92;0;0;0;115;0;0;0;106;0;0;0;105;0;0;0;102;0;0;0;104;0;0;0;100;0;0;0;114;0;0;0;102;0;0;0;87;0;0;0;122;0;0;0;104;0;0;0;117;0;0;0;
n02091635_2569.jpg;0;0;0;0;0;0;0;0;0;0;0;0;0;0;0;0;0;0;0;0;0;0;0;0;0;0;0;0;0;0;0;0;0;0;0;0;0;0;0;0;0;0;0;0;0;0;0;0;0;0;0;0;0;0;0;0;0;0;0;0;0;0;0;0;0;0;0;0;0;0;0;0;0;0;0;0;0;0;0;0;0;0;0;0;0;0;0;0;0;0;0;0;0;0;0;0;0;0;0;0;0;0;0;0;0;0;0;0;0;0;0;0;1;0;0;0;0;0;0;0;0;0;0;0;0;0;0;0;3;0;0;0;0;0;0;0;2;0;0;0;3;0;0;0;5;0;0;0;8;0;0;0;11;0;0;0;9;0;0;0;23;0;0;0;35;0;0;0;45;0;0;0;60;0;0;0;100;0;0;0;117;0;0;0;170;0;0;0;85;1;0;0;40;4;0;0;89;20;0;0;51;23;0;0;177;14;0;0;180;9;0;0;50;8;0;0;90;7;0;0;170;6;0;0;106;6;0;0;60;6;0;0;225;5;0;0;181;5;0;0;104;5;0;0;164;5;0;0;143;5;0;0;74;5;0;0;
n02091635_2584.jpg;208;0;0;0;18;1;0;0;115;1;0;0;173;3;0;0;234;1;0;0;249;1;0;0;151;1;0;0;154;1;0;0;39;1;0;0;46;1;0;0;224;0;0;0;161;0;0;0;164;0;0;0;145;0;0;0;152;0;0;0;110;0;0;0;110;0;0;0;93;0;0;0;104;0;0;0;94;0;0;0;90;0;0;0;78;0;0;0;85;0;0;0;76;0;0;0;79;0;0;0;86;0;0;0;75;0;0;0;67;0;0;0;67;0;0;0;67;0;0;0;63;0;0;0;68;0;0;0;62;0;0;0;63;0;0;0;74;0;0;0;60;0;0;0;69;0;0;0;72;0;0;0;73;0;0;0;70;0;0;0;83;0;0;0;66;0;0;0;75;0;0;0;68;0;0;0;78;0;0;0;82;0;0;0;89;0;0;0;99;0;0;0;73;0;0;0;103;0;0;0;92;0;0;0;87;0;0;0;100;0;0;0;88;0;0;0;89;0;0;0;97;0;0;0;84;0;0;0;108;0;0;0;185;0;0;0;130;0;0;0;100;1;0;0;197;0;0;0;21;1;0;0;85;1;0;0;
n02091635_2586.jpg;30;0;0;0;42;0;0;0;110;0;0;0;94;1;0;0;194;3;0;0;64;7;0;0;105;10;0;0;53;12;0;0;8;12;0;0;49;10;0;0;47;8;0;0;101;6;0;0;225;4;0;0;199;3;0;0;5;3;0;0;145;2;0;0;54;2;0;0;221;1;0;0;154;1;0;0;121;1;0;0;108;1;0;0;24;1;0;0;15;1;0;0;24;1;0;0;204;0;0;0;198;0;0;0;195;0;0;0;178;0;0;0;196;0;0;0;177;0;0;0;163;0;0;0;151;0;0;0;153;0;0;0;137;0;0;0;145;0;0;0;155;0;0;0;109;0;0;0;123;0;0;0;116;0;0;0;119;0;0;0;117;0;0;0;107;0;0;0;120;0;0;0;126;0;0;0;123;0;0;0;122;0;0;0;128;0;0;0;111;0;0;0;119;0;0;0;137;0;0;0;117;0;0;0;109;0;0;0;131;0;0;0;133;0;0;0;124;0;0;0;106;0;0;0;112;0;0;0;116;0;0;0;121;0;0;0;150;0;0;0;156;0;0;0;151;0;0;0;138;0;0;0;147;0;0;0;
n02091635_2594.jpg;30;0;0;0;180;0;0;0;118;0;0;0;92;0;0;0;92;0;0;0;66;0;0;0;61;0;0;0;67;0;0;0;68;0;0;0;77;0;0;0;91;0;0;0;80;0;0;0;101;0;0;0;102;0;0;0;137;0;0;0;137;0;0;0;199;0;0;0;200;0;0;0;174;0;0;0;211;0;0;0;232;0;0;0;224;0;0;0;16;1;0;0;18;1;0;0;8;1;0;0;32;1;0;0;75;1;0;0;70;1;0;0;51;1;0;0;65;1;0;0;72;1;0;0;50;1;0;0;33;1;0;0;72;1;0;0;46;1;0;0;41;1;0;0;56;1;0;0;36;1;0;0;35;1;0;0;41;1;0;0;236;0;0;0;255;0;0;0;5;1;0;0;25;1;0;0;16;1;0;0;22;1;0;0;52;1;0;0;24;1;0;0;8;1;0;0;8;1;0;0;240;0;0;0;242;0;0;0;23;1;0;0;255;0;0;0;10;1;0;0;13;1;0;0;243;0;0;0;253;0;0;0;243;0;0;0;250;0;0;0;248;0;0;0;247;0;0;0;243;0;0;0;249;0;0;0;
n02091635_2603.jpg;178;3;0;0;224;2;0;0;58;1;0;0;47;1;0;0;49;1;0;0;6;1;0;0;37;1;0;0;31;1;0;0;238;0;0;0;5;1;0;0;38;1;0;0;60;1;0;0;37;1;0;0;14;1;0;0;251;0;0;0;3;1;0;0;231;0;0;0;230;0;0;0;222;0;0;0;215;0;0;0;177;0;0;0;188;0;0;0;179;0;0;0;165;0;0;0;135;0;0;0;161;0;0;0;142;0;0;0;151;0;0;0;140;0;0;0;130;0;0;0;126;0;0;0;103;0;0;0;122;0;0;0;110;0;0;0;101;0;0;0;113;0;0;0;106;0;0;0;110;0;0;0;100;0;0;0;114;0;0;0;111;0;0;0;122;0;0;0;105;0;0;0;110;0;0;0;90;0;0;0;87;0;0;0;101;0;0;0;93;0;0;0;111;0;0;0;109;0;0;0;94;0;0;0;107;0;0;0;102;0;0;0;113;0;0;0;120;0;0;0;101;0;0;0;89;0;0;0;93;0;0;0;85;0;0;0;84;0;0;0;110;0;0;0;117;0;0;0;90;0;0;0;98;0;0;0;
n02091635_2725.jpg;5;0;0;0;9;0;0;0;5;0;0;0;3;0;0;0;2;0;0;0;3;0;0;0;5;0;0;0;1;0;0;0;4;0;0;0;5;0;0;0;7;0;0;0;3;0;0;0;4;0;0;0;7;0;0;0;8;0;0;0;11;0;0;0;11;0;0;0;11;0;0;0;10;0;0;0;13;0;0;0;27;0;0;0;24;0;0;0;16;0;0;0;24;0;0;0;31;0;0;0;35;0;0;0;30;0;0;0;33;0;0;0;49;0;0;0;36;0;0;0;45;0;0;0;62;0;0;0;45;0;0;0;32;0;0;0;38;0;0;0;47;0;0;0;42;0;0;0;38;0;0;0;48;0;0;0;57;0;0;0;49;0;0;0;51;0;0;0;56;0;0;0;62;0;0;0;75;0;0;0;65;0;0;0;61;0;0;0;69;0;0;0;61;0;0;0;89;0;0;0;86;0;0;0;97;0;0;0;83;0;0;0;111;0;0;0;105;0;0;0;114;0;0;0;108;0;0;0;123;0;0;0;119;0;0;0;102;0;0;0;127;0;0;0;133;0;0;0;138;0;0;0;142;0;0;0;
n02091635_2761.jpg;1;0;0;0;6;0;0;0;14;0;0;0;13;0;0;0;19;0;0;0;31;0;0;0;31;0;0;0;19;0;0;0;12;0;0;0;28;0;0;0;38;0;0;0;39;0;0;0;47;0;0;0;76;0;0;0;91;0;0;0;133;0;0;0;127;0;0;0;129;0;0;0;123;0;0;0;143;0;0;0;130;0;0;0;115;0;0;0;109;0;0;0;125;0;0;0;107;0;0;0;111;0;0;0;113;0;0;0;141;0;0;0;150;0;0;0;138;0;0;0;155;0;0;0;155;0;0;0;175;0;0;0;155;0;0;0;182;0;0;0;168;0;0;0;163;0;0;0;141;0;0;0;103;0;0;0;130;0;0;0;128;0;0;0;107;0;0;0;104;0;0;0;118;0;0;0;118;0;0;0;126;0;0;0;113;0;0;0;135;0;0;0;142;0;0;0;102;0;0;0;126;0;0;0;131;0;0;0;143;0;0;0;124;0;0;0;143;0;0;0;131;0;0;0;125;0;0;0;129;0;0;0;142;0;0;0;150;0;0;0;169;0;0;0;168;0;0;0;161;0;0;0;156;0;0;0;
n02091635_2766.jpg;5;0;0;0;19;0;0;0;14;0;0;0;21;0;0;0;36;0;0;0;59;0;0;0;123;0;0;0;184;0;0;0;249;0;0;0;81;1;0;0;178;1;0;0;248;1;0;0;56;2;0;0;63;2;0;0;103;2;0;0;69;2;0;0;55;2;0;0;27;2;0;0;234;1;0;0;249;1;0;0;22;2;0;0;252;1;0;0;241;1;0;0;230;1;0;0;16;2;0;0;14;2;0;0;16;2;0;0;32;2;0;0;226;1;0;0;236;1;0;0;228;1;0;0;213;1;0;0;149;1;0;0;211;1;0;0;167;1;0;0;144;1;0;0;122;1;0;0;66;1;0;0;115;1;0;0;94;1;0;0;89;1;0;0;65;1;0;0;43;1;0;0;34;1;0;0;27;1;0;0;20;1;0;0;18;1;0;0;251;0;0;0;218;0;0;0;245;0;0;0;212;0;0;0;235;0;0;0;216;0;0;0;217;0;0;0;204;0;0;0;199;0;0;0;206;0;0;0;182;0;0;0;188;0;0;0;191;0;0;0;201;0;0;0;196;0;0;0;182;0;0;0;186;0;0;0;
n02091635_2867.jpg;114;1;0;0;199;0;0;0;41;1;0;0;211;0;0;0;227;0;0;0;129;0;0;0;89;0;0;0;52;0;0;0;72;0;0;0;43;0;0;0;50;0;0;0;82;0;0;0;111;0;0;0;145;0;0;0;152;0;0;0;171;0;0;0;198;0;0;0;193;0;0;0;220;0;0;0;203;0;0;0;205;0;0;0;247;0;0;0;247;0;0;0;242;0;0;0;25;1;0;0;9;1;0;0;234;0;0;0;38;1;0;0;2;1;0;0;245;0;0;0;253;0;0;0;24;1;0;0;29;1;0;0;49;1;0;0;45;1;0;0;45;1;0;0;74;1;0;0;111;1;0;0;116;1;0;0;134;1;0;0;116;1;0;0;151;1;0;0;159;1;0;0;131;1;0;0;205;1;0;0;208;1;0;0;180;1;0;0;147;1;0;0;137;1;0;0;101;1;0;0;112;1;0;0;145;1;0;0;139;1;0;0;137;1;0;0;168;1;0;0;161;1;0;0;183;1;0;0;158;1;0;0;183;1;0;0;170;1;0;0;163;1;0;0;214;1;0;0;159;1;0;0;213;1;0;0;
n02091635_2887.jpg;0;0;0;0;0;0;0;0;0;0;0;0;0;0;0;0;1;0;0;0;0;0;0;0;0;0;0;0;0;0;0;0;0;0;0;0;2;0;0;0;3;0;0;0;3;0;0;0;6;0;0;0;6;0;0;0;12;0;0;0;24;0;0;0;24;0;0;0;44;0;0;0;33;0;0;0;44;0;0;0;59;0;0;0;65;0;0;0;62;0;0;0;74;0;0;0;109;0;0;0;115;0;0;0;106;0;0;0;103;0;0;0;121;0;0;0;148;0;0;0;133;0;0;0;160;0;0;0;136;0;0;0;151;0;0;0;148;0;0;0;170;0;0;0;168;0;0;0;149;0;0;0;173;0;0;0;200;0;0;0;191;0;0;0;202;0;0;0;202;0;0;0;192;0;0;0;196;0;0;0;181;0;0;0;206;0;0;0;225;0;0;0;213;0;0;0;186;0;0;0;188;0;0;0;194;0;0;0;206;0;0;0;190;0;0;0;206;0;0;0;194;0;0;0;193;0;0;0;231;0;0;0;205;0;0;0;204;0;0;0;218;0;0;0;207;0;0;0;172;0;0;0;193;0;0;0;
n02091635_2948.jpg;122;14;0;0;40;12;0;0;5;5;0;0;217;2;0;0;144;2;0;0;194;1;0;0;238;1;0;0;12;2;0;0;2;2;0;0;143;1;0;0;76;1;0;0;32;1;0;0;23;1;0;0;250;0;0;0;215;0;0;0;223;0;0;0;209;0;0;0;222;0;0;0;203;0;0;0;230;0;0;0;229;0;0;0;244;0;0;0;4;1;0;0;30;1;0;0;98;1;0;0;64;1;0;0;64;1;0;0;58;1;0;0;65;1;0;0;50;1;0;0;14;1;0;0;238;0;0;0;228;0;0;0;221;0;0;0;230;0;0;0;235;0;0;0;231;0;0;0;231;0;0;0;207;0;0;0;201;0;0;0;207;0;0;0;237;0;0;0;221;0;0;0;238;0;0;0;222;0;0;0;252;0;0;0;21;1;0;0;235;0;0;0;52;1;0;0;248;0;0;0;47;1;0;0;45;1;0;0;39;1;0;0;3;1;0;0;28;1;0;0;72;1;0;0;19;1;0;0;26;1;0;0;63;1;0;0;76;1;0;0;127;1;0;0;120;1;0;0;92;1;0;0;122;1;0;0;
n02091635_2958.jpg;75;0;0;0;160;0;0;0;87;0;0;0;44;0;0;0;49;0;0;0;29;0;0;0;35;0;0;0;30;0;0;0;20;0;0;0;22;0;0;0;27;0;0;0;22;0;0;0;26;0;0;0;18;0;0;0;24;0;0;0;26;0;0;0;17;0;0;0;28;0;0;0;22;0;0;0;21;0;0;0;18;0;0;0;17;0;0;0;18;0;0;0;13;0;0;0;19;0;0;0;16;0;0;0;21;0;0;0;28;0;0;0;21;0;0;0;14;0;0;0;16;0;0;0;10;0;0;0;16;0;0;0;15;0;0;0;11;0;0;0;10;0;0;0;16;0;0;0;15;0;0;0;19;0;0;0;18;0;0;0;15;0;0;0;23;0;0;0;23;0;0;0;16;0;0;0;24;0;0;0;23;0;0;0;19;0;0;0;16;0;0;0;20;0;0;0;23;0;0;0;21;0;0;0;23;0;0;0;38;0;0;0;28;0;0;0;38;0;0;0;33;0;0;0;42;0;0;0;40;0;0;0;42;0;0;0;47;0;0;0;61;0;0;0;65;0;0;0;75;0;0;0;58;0;0;0;
n02091635_3048.jpg;0;0;0;0;0;0;0;0;0;0;0;0;0;0;0;0;0;0;0;0;0;0;0;0;0;0;0;0;0;0;0;0;0;0;0;0;0;0;0;0;0;0;0;0;0;0;0;0;0;0;0;0;0;0;0;0;4;0;0;0;8;0;0;0;6;0;0;0;26;0;0;0;25;0;0;0;30;0;0;0;43;0;0;0;32;0;0;0;19;0;0;0;12;0;0;0;12;0;0;0;44;0;0;0;41;0;0;0;89;0;0;0;150;0;0;0;183;0;0;0;190;0;0;0;162;0;0;0;129;0;0;0;109;0;0;0;113;0;0;0;139;0;0;0;138;0;0;0;161;0;0;0;150;0;0;0;161;0;0;0;188;0;0;0;204;0;0;0;255;0;0;0;29;1;0;0;15;1;0;0;250;0;0;0;209;0;0;0;209;0;0;0;158;0;0;0;159;0;0;0;163;0;0;0;191;0;0;0;196;0;0;0;179;0;0;0;203;0;0;0;201;0;0;0;223;0;0;0;205;0;0;0;204;0;0;0;198;0;0;0;202;0;0;0;192;0;0;0;210;0;0;0;213;0;0;0;
n02091635_3072.jpg;18;1;0;0;71;1;0;0;210;0;0;0;218;0;0;0;211;0;0;0;214;0;0;0;238;0;0;0;228;0;0;0;246;0;0;0;252;0;0;0;252;0;0;0;42;1;0;0;40;1;0;0;13;1;0;0;5;1;0;0;45;1;0;0;41;1;0;0;23;1;0;0;85;1;0;0;31;1;0;0;29;1;0;0;39;1;0;0;24;1;0;0;248;0;0;0;240;0;0;0;253;0;0;0;209;0;0;0;221;0;0;0;229;0;0;0;207;0;0;0;155;0;0;0;176;0;0;0;153;0;0;0;183;0;0;0;132;0;0;0;132;0;0;0;135;0;0;0;142;0;0;0;129;0;0;0;129;0;0;0;142;0;0;0;117;0;0;0;98;0;0;0;101;0;0;0;132;0;0;0;99;0;0;0;116;0;0;0;97;0;0;0;96;0;0;0;99;0;0;0;92;0;0;0;94;0;0;0;100;0;0;0;94;0;0;0;117;0;0;0;121;0;0;0;113;0;0;0;126;0;0;0;122;0;0;0;158;0;0;0;140;0;0;0;156;0;0;0;162;0;0;0;154;0;0;0;
n02091635_3118.jpg;0;0;0;0;0;0;0;0;0;0;0;0;0;0;0;0;0;0;0;0;0;0;0;0;0;0;0;0;0;0;0;0;0;0;0;0;0;0;0;0;0;0;0;0;0;0;0;0;0;0;0;0;0;0;0;0;0;0;0;0;0;0;0;0;0;0;0;0;0;0;0;0;0;0;0;0;0;0;0;0;0;0;0;0;0;0;0;0;0;0;0;0;0;0;0;0;0;0;0;0;0;0;0;0;0;0;0;0;0;0;0;0;0;0;0;0;0;0;0;0;0;0;0;0;0;0;0;0;0;0;0;0;0;0;0;0;0;0;0;0;0;0;0;0;1;0;0;0;0;0;0;0;7;0;0;0;14;0;0;0;43;0;0;0;97;0;0;0;211;0;0;0;111;1;0;0;160;2;0;0;147;3;0;0;124;5;0;0;136;5;0;0;19;5;0;0;145;5;0;0;177;5;0;0;230;5;0;0;21;6;0;0;94;5;0;0;101;5;0;0;13;5;0;0;172;5;0;0;184;5;0;0;93;6;0;0;192;6;0;0;213;6;0;0;207;7;0;0;189;7;0;0;26;8;0;0;
n02091635_3199.jpg;0;0;0;0;0;0;0;0;30;0;0;0;63;0;0;0;86;0;0;0;77;0;0;0;66;0;0;0;102;0;0;0;23;0;0;0;49;0;0;0;50;0;0;0;33;0;0;0;39;0;0;0;28;0;0;0;38;0;0;0;43;0;0;0;21;0;0;0;24;0;0;0;25;0;0;0;17;0;0;0;15;0;0;0;19;0;0;0;24;0;0;0;23;0;0;0;17;0;0;0;24;0;0;0;21;0;0;0;36;0;0;0;33;0;0;0;37;0;0;0;37;0;0;0;34;0;0;0;43;0;0;0;41;0;0;0;53;0;0;0;61;0;0;0;50;0;0;0;71;0;0;0;76;0;0;0;70;0;0;0;106;0;0;0;122;0;0;0;132;0;0;0;139;0;0;0;157;0;0;0;146;0;0;0;166;0;0;0;176;0;0;0;173;0;0;0;231;0;0;0;253;0;0;0;36;1;0;0;66;1;0;0;47;1;0;0;47;1;0;0;61;1;0;0;97;1;0;0;139;1;0;0;115;1;0;0;146;1;0;0;179;1;0;0;197;1;0;0;212;1;0;0;224;1;0;0;
n02091635_335.jpg;0;0;0;0;0;0;0;0;0;0;0;0;0;0;0;0;0;0;0;0;0;0;0;0;0;0;0;0;0;0;0;0;0;0;0;0;0;0;0;0;0;0;0;0;0;0;0;0;0;0;0;0;0;0;0;0;0;0;0;0;0;0;0;0;0;0;0;0;0;0;0;0;0;0;0;0;0;0;0;0;0;0;0;0;0;0;0;0;0;0;0;0;0;0;0;0;0;0;0;0;0;0;0;0;0;0;0;0;0;0;0;0;0;0;0;0;0;0;0;0;0;0;0;0;0;0;0;0;0;0;0;0;0;0;0;0;0;0;0;0;0;0;0;0;0;0;0;0;0;0;0;0;0;0;0;0;0;0;0;0;0;0;0;0;0;0;0;0;0;0;0;0;0;0;0;0;0;0;0;0;3;0;0;0;0;0;0;0;1;0;0;0;2;0;0;0;1;0;0;0;4;0;0;0;5;0;0;0;5;0;0;0;5;0;0;0;9;0;0;0;5;0;0;0;21;0;0;0;17;0;0;0;18;0;0;0;16;0;0;0;24;0;0;0;22;0;0;0;22;0;0;0;32;0;0;0;
n02091635_3379.jpg;238;2;0;0;173;0;0;0;1;0;0;0;0;0;0;0;0;0;0;0;0;0;0;0;0;0;0;0;0;0;0;0;0;0;0;0;0;0;0;0;0;0;0;0;0;0;0;0;0;0;0;0;0;0;0;0;0;0;0;0;0;0;0;0;0;0;0;0;0;0;0;0;0;0;0;0;0;0;0;0;2;0;0;0;7;0;0;0;7;0;0;0;5;0;0;0;9;0;0;0;10;0;0;0;24;0;0;0;25;0;0;0;32;0;0;0;48;0;0;0;53;0;0;0;78;0;0;0;66;0;0;0;93;0;0;0;92;0;0;0;123;0;0;0;119;0;0;0;122;0;0;0;143;0;0;0;139;0;0;0;163;0;0;0;140;0;0;0;184;0;0;0;178;0;0;0;188;0;0;0;209;0;0;0;193;0;0;0;245;0;0;0;217;0;0;0;47;1;0;0;251;1;0;0;85;1;0;0;6;1;0;0;11;1;0;0;244;0;0;0;18;1;0;0;249;0;0;0;18;1;0;0;19;1;0;0;45;1;0;0;0;1;0;0;244;0;0;0;42;1;0;0;12;1;0;0;
n02091635_3393.jpg;0;0;0;0;0;0;0;0;0;0;0;0;0;0;0;0;0;0;0;0;0;0;0;0;0;0;0;0;0;0;0;0;0;0;0;0;0;0;0;0;0;0;0;0;0;0;0;0;0;0;0;0;0;0;0;0;0;0;0;0;0;0;0;0;1;0;0;0;0;0;0;0;0;0;0;0;2;0;0;0;1;0;0;0;1;0;0;0;2;0;0;0;2;0;0;0;1;0;0;0;2;0;0;0;5;0;0;0;4;0;0;0;4;0;0;0;6;0;0;0;5;0;0;0;6;0;0;0;16;0;0;0;14;0;0;0;12;0;0;0;12;0;0;0;19;0;0;0;17;0;0;0;21;0;0;0;26;0;0;0;28;0;0;0;26;0;0;0;20;0;0;0;29;0;0;0;32;0;0;0;36;0;0;0;33;0;0;0;39;0;0;0;43;0;0;0;38;0;0;0;57;0;0;0;46;0;0;0;53;0;0;0;53;0;0;0;55;0;0;0;59;0;0;0;54;0;0;0;59;0;0;0;60;0;0;0;84;0;0;0;73;0;0;0;59;0;0;0;69;0;0;0;76;0;0;0;
n02091635_3409.jpg;10;20;0;0;202;5;0;0;156;16;0;0;9;5;0;0;52;3;0;0;115;2;0;0;2;2;0;0;19;2;0;0;140;1;0;0;85;1;0;0;90;1;0;0;33;1;0;0;37;1;0;0;7;1;0;0;226;0;0;0;208;0;0;0;255;0;0;0;183;0;0;0;95;1;0;0;197;0;0;0;162;0;0;0;189;0;0;0;167;0;0;0;152;0;0;0;136;0;0;0;156;0;0;0;186;0;0;0;157;0;0;0;155;0;0;0;171;0;0;0;141;0;0;0;189;0;0;0;157;0;0;0;169;0;0;0;168;0;0;0;173;0;0;0;158;0;0;0;188;0;0;0;195;0;0;0;217;0;0;0;5;1;0;0;224;0;0;0;34;1;0;0;38;1;0;0;32;1;0;0;97;1;0;0;146;1;0;0;207;1;0;0;208;1;0;0;219;1;0;0;37;2;0;0;51;2;0;0;112;2;0;0;47;2;0;0;39;2;0;0;43;2;0;0;230;1;0;0;79;2;0;0;192;1;0;0;239;1;0;0;65;2;0;0;204;1;0;0;151;1;0;0;207;1;0;0;
n02091635_3435.jpg;0;0;0;0;0;0;0;0;0;0;0;0;0;0;0;0;0;0;0;0;0;0;0;0;0;0;0;0;0;0;0;0;0;0;0;0;0;0;0;0;0;0;0;0;0;0;0;0;0;0;0;0;0;0;0;0;0;0;0;0;0;0;0;0;0;0;0;0;0;0;0;0;0;0;0;0;0;0;0;0;2;0;0;0;3;0;0;0;1;0;0;0;7;0;0;0;12;0;0;0;43;0;0;0;93;0;0;0;189;0;0;0;81;1;0;0;112;2;0;0;161;3;0;0;123;4;0;0;132;4;0;0;89;4;0;0;65;4;0;0;60;4;0;0;41;4;0;0;197;3;0;0;247;3;0;0;120;3;0;0;74;3;0;0;54;3;0;0;11;3;0;0;185;2;0;0;173;2;0;0;169;2;0;0;169;2;0;0;158;2;0;0;112;2;0;0;106;2;0;0;124;2;0;0;118;2;0;0;63;2;0;0;44;2;0;0;40;2;0;0;1;2;0;0;244;1;0;0;18;2;0;0;7;2;0;0;28;2;0;0;7;2;0;0;253;1;0;0;255;1;0;0;45;2;0;0;
n02091635_3466.jpg;5;0;0;0;30;0;0;0;44;0;0;0;30;0;0;0;32;0;0;0;25;0;0;0;22;0;0;0;25;0;0;0;22;0;0;0;18;0;0;0;19;0;0;0;12;0;0;0;28;0;0;0;22;0;0;0;16;0;0;0;18;0;0;0;22;0;0;0;29;0;0;0;21;0;0;0;23;0;0;0;21;0;0;0;24;0;0;0;21;0;0;0;25;0;0;0;22;0;0;0;20;0;0;0;18;0;0;0;22;0;0;0;30;0;0;0;21;0;0;0;33;0;0;0;31;0;0;0;35;0;0;0;30;0;0;0;35;0;0;0;36;0;0;0;41;0;0;0;42;0;0;0;34;0;0;0;40;0;0;0;43;0;0;0;34;0;0;0;41;0;0;0;47;0;0;0;38;0;0;0;38;0;0;0;45;0;0;0;38;0;0;0;33;0;0;0;39;0;0;0;36;0;0;0;63;0;0;0;38;0;0;0;46;0;0;0;41;0;0;0;58;0;0;0;45;0;0;0;57;0;0;0;46;0;0;0;54;0;0;0;43;0;0;0;48;0;0;0;48;0;0;0;49;0;0;0;
n02091635_3475.jpg;0;0;0;0;0;0;0;0;0;0;0;0;1;0;0;0;0;0;0;0;1;0;0;0;2;0;0;0;1;0;0;0;0;0;0;0;4;0;0;0;5;0;0;0;3;0;0;0;2;0;0;0;14;0;0;0;10;0;0;0;18;0;0;0;28;0;0;0;49;0;0;0;50;0;0;0;72;0;0;0;73;0;0;0;94;0;0;0;92;0;0;0;103;0;0;0;106;0;0;0;119;0;0;0;102;0;0;0;130;0;0;0;104;0;0;0;118;0;0;0;123;0;0;0;116;0;0;0;113;0;0;0;128;0;0;0;111;0;0;0;124;0;0;0;107;0;0;0;129;0;0;0;116;0;0;0;117;0;0;0;132;0;0;0;119;0;0;0;118;0;0;0;135;0;0;0;124;0;0;0;109;0;0;0;132;0;0;0;126;0;0;0;133;0;0;0;154;0;0;0;145;0;0;0;149;0;0;0;140;0;0;0;151;0;0;0;175;0;0;0;139;0;0;0;167;0;0;0;168;0;0;0;159;0;0;0;177;0;0;0;184;0;0;0;190;0;0;0;193;0;0;0;192;0;0;0;
n02091635_3479.jpg;38;0;0;0;39;0;0;0;40;0;0;0;36;0;0;0;51;0;0;0;86;0;0;0;82;0;0;0;114;0;0;0;186;0;0;0;247;0;0;0;82;1;0;0;185;1;0;0;43;2;0;0;93;2;0;0;131;2;0;0;168;2;0;0;208;2;0;0;80;3;0;0;128;3;0;0;12;4;0;0;173;4;0;0;137;4;0;0;255;4;0;0;213;4;0;0;6;5;0;0;61;5;0;0;52;5;0;0;38;5;0;0;60;6;0;0;248;5;0;0;1;7;0;0;157;7;0;0;93;8;0;0;200;8;0;0;136;8;0;0;142;8;0;0;124;8;0;0;44;9;0;0;88;10;0;0;106;10;0;0;107;10;0;0;144;10;0;0;127;10;0;0;139;10;0;0;213;9;0;0;117;9;0;0;54;8;0;0;185;6;0;0;35;6;0;0;139;5;0;0;16;5;0;0;36;5;0;0;31;5;0;0;4;5;0;0;237;4;0;0;203;4;0;0;126;4;0;0;115;4;0;0;126;4;0;0;211;4;0;0;117;4;0;0;171;4;0;0;168;4;0;0;200;4;0;0;
n02091635_3503.jpg;0;0;0;0;0;0;0;0;0;0;0;0;0;0;0;0;0;0;0;0;1;0;0;0;1;0;0;0;10;0;0;0;19;0;0;0;39;0;0;0;118;0;0;0;186;0;0;0;241;0;0;0;54;1;0;0;106;1;0;0;150;1;0;0;212;1;0;0;202;1;0;0;50;2;0;0;64;2;0;0;164;2;0;0;229;2;0;0;222;2;0;0;9;3;0;0;33;3;0;0;1;3;0;0;193;2;0;0;184;2;0;0;111;2;0;0;83;2;0;0;41;2;0;0;4;2;0;0;207;1;0;0;146;1;0;0;145;1;0;0;126;1;0;0;110;1;0;0;93;1;0;0;99;1;0;0;71;1;0;0;84;1;0;0;82;1;0;0;71;1;0;0;98;1;0;0;101;1;0;0;129;1;0;0;77;1;0;0;66;1;0;0;75;1;0;0;100;1;0;0;72;1;0;0;58;1;0;0;69;1;0;0;38;1;0;0;44;1;0;0;62;1;0;0;58;1;0;0;68;1;0;0;69;1;0;0;85;1;0;0;69;1;0;0;76;1;0;0;34;1;0;0;59;1;0;0;
n02091635_3521.jpg;1;0;0;0;6;0;0;0;2;0;0;0;1;0;0;0;4;0;0;0;2;0;0;0;7;0;0;0;4;0;0;0;6;0;0;0;5;0;0;0;6;0;0;0;7;0;0;0;7;0;0;0;8;0;0;0;10;0;0;0;10;0;0;0;11;0;0;0;6;0;0;0;20;0;0;0;16;0;0;0;22;0;0;0;18;0;0;0;19;0;0;0;12;0;0;0;15;0;0;0;27;0;0;0;29;0;0;0;28;0;0;0;29;0;0;0;34;0;0;0;50;0;0;0;55;0;0;0;55;0;0;0;51;0;0;0;60;0;0;0;72;0;0;0;66;0;0;0;86;0;0;0;92;0;0;0;114;0;0;0;140;0;0;0;174;0;0;0;160;0;0;0;190;0;0;0;228;0;0;0;1;1;0;0;25;1;0;0;81;1;0;0;142;1;0;0;233;1;0;0;79;2;0;0;201;2;0;0;135;3;0;0;210;4;0;0;210;5;0;0;5;7;0;0;159;6;0;0;175;5;0;0;188;4;0;0;187;3;0;0;72;3;0;0;244;2;0;0;149;2;0;0;84;2;0;0;
n02091635_3548.jpg;0;0;0;0;1;0;0;0;2;0;0;0;5;0;0;0;12;0;0;0;15;0;0;0;22;0;0;0;22;0;0;0;24;0;0;0;25;0;0;0;37;0;0;0;25;0;0;0;18;0;0;0;14;0;0;0;3;0;0;0;7;0;0;0;2;0;0;0;1;0;0;0;1;0;0;0;1;0;0;0;4;0;0;0;6;0;0;0;16;0;0;0;19;0;0;0;33;0;0;0;32;0;0;0;33;0;0;0;48;0;0;0;30;0;0;0;37;0;0;0;34;0;0;0;43;0;0;0;43;0;0;0;35;0;0;0;43;0;0;0;32;0;0;0;26;0;0;0;29;0;0;0;34;0;0;0;28;0;0;0;22;0;0;0;18;0;0;0;20;0;0;0;26;0;0;0;32;0;0;0;46;0;0;0;44;0;0;0;61;0;0;0;63;0;0;0;62;0;0;0;66;0;0;0;64;0;0;0;61;0;0;0;69;0;0;0;73;0;0;0;74;0;0;0;75;0;0;0;69;0;0;0;68;0;0;0;82;0;0;0;73;0;0;0;71;0;0;0;69;0;0;0;76;0;0;0;
n02091635_3552.jpg;10;0;0;0;77;0;0;0;130;0;0;0;188;0;0;0;3;1;0;0;241;0;0;0;14;1;0;0;243;0;0;0;246;0;0;0;171;0;0;0;176;0;0;0;147;0;0;0;161;0;0;0;150;0;0;0;161;0;0;0;151;0;0;0;121;0;0;0;113;0;0;0;141;0;0;0;130;0;0;0;116;0;0;0;117;0;0;0;108;0;0;0;105;0;0;0;90;0;0;0;131;0;0;0;137;0;0;0;101;0;0;0;123;0;0;0;118;0;0;0;133;0;0;0;127;0;0;0;130;0;0;0;122;0;0;0;117;0;0;0;105;0;0;0;121;0;0;0;96;0;0;0;109;0;0;0;111;0;0;0;126;0;0;0;101;0;0;0;114;0;0;0;136;0;0;0;132;0;0;0;127;0;0;0;144;0;0;0;132;0;0;0;126;0;0;0;147;0;0;0;149;0;0;0;166;0;0;0;196;0;0;0;158;0;0;0;191;0;0;0;168;0;0;0;175;0;0;0;182;0;0;0;216;0;0;0;197;0;0;0;187;0;0;0;215;0;0;0;200;0;0;0;218;0;0;0;
n02091635_3586.jpg;0;0;0;0;0;0;0;0;0;0;0;0;0;0;0;0;0;0;0;0;0;0;0;0;0;0;0;0;0;0;0;0;0;0;0;0;0;0;0;0;0;0;0;0;0;0;0;0;0;0;0;0;0;0;0;0;0;0;0;0;0;0;0;0;0;0;0;0;0;0;0;0;0;0;0;0;0;0;0;0;0;0;0;0;0;0;0;0;0;0;0;0;0;0;0;0;0;0;0;0;0;0;0;0;0;0;0;0;0;0;0;0;0;0;0;0;0;0;0;0;0;0;0;0;0;0;0;0;0;0;0;0;0;0;0;0;0;0;0;0;0;0;0;0;0;0;0;0;0;0;0;0;0;0;0;0;0;0;0;0;0;0;0;0;0;0;0;0;0;0;0;0;0;0;0;0;2;0;0;0;3;0;0;0;1;0;0;0;4;0;0;0;6;0;0;0;14;0;0;0;22;0;0;0;61;0;0;0;213;0;0;0;80;2;0;0;200;3;0;0;229;2;0;0;239;1;0;0;123;1;0;0;95;1;0;0;68;1;0;0;29;1;0;0;83;1;0;0;58;1;0;0;49;1;0;0;
n02091635_3615.jpg;71;0;0;0;151;0;0;0;185;0;0;0;75;0;0;0;187;0;0;0;101;0;0;0;128;0;0;0;100;0;0;0;126;0;0;0;139;0;0;0;164;0;0;0;143;0;0;0;15;1;0;0;40;1;0;0;101;1;0;0;121;1;0;0;52;2;0;0;172;1;0;0;254;1;0;0;105;1;0;0;96;1;0;0;66;1;0;0;87;1;0;0;17;1;0;0;238;0;0;0;236;0;0;0;17;1;0;0;206;0;0;0;219;0;0;0;201;0;0;0;195;0;0;0;193;0;0;0;207;0;0;0;198;0;0;0;171;0;0;0;178;0;0;0;149;0;0;0;145;0;0;0;151;0;0;0;139;0;0;0;128;0;0;0;146;0;0;0;146;0;0;0;149;0;0;0;172;0;0;0;160;0;0;0;141;0;0;0;137;0;0;0;150;0;0;0;153;0;0;0;160;0;0;0;169;0;0;0;173;0;0;0;164;0;0;0;229;0;0;0;148;0;0;0;248;0;0;0;186;0;0;0;209;0;0;0;204;0;0;0;214;0;0;0;180;0;0;0;161;0;0;0;162;0;0;0;
n02091635_3661.jpg;0;0;0;0;0;0;0;0;0;0;0;0;0;0;0;0;0;0;0;0;0;0;0;0;0;0;0;0;0;0;0;0;0;0;0;0;0;0;0;0;0;0;0;0;0;0;0;0;0;0;0;0;0;0;0;0;0;0;0;0;0;0;0;0;0;0;0;0;0;0;0;0;0;0;0;0;1;0;0;0;2;0;0;0;0;0;0;0;1;0;0;0;0;0;0;0;0;0;0;0;1;0;0;0;0;0;0;0;0;0;0;0;1;0;0;0;1;0;0;0;2;0;0;0;0;0;0;0;2;0;0;0;0;0;0;0;2;0;0;0;2;0;0;0;1;0;0;0;2;0;0;0;6;0;0;0;3;0;0;0;2;0;0;0;2;0;0;0;5;0;0;0;3;0;0;0;3;0;0;0;0;0;0;0;1;0;0;0;1;0;0;0;4;0;0;0;2;0;0;0;3;0;0;0;6;0;0;0;7;0;0;0;10;0;0;0;4;0;0;0;14;0;0;0;11;0;0;0;12;0;0;0;4;0;0;0;12;0;0;0;21;0;0;0;16;0;0;0;10;0;0;0;18;0;0;0;
n02091635_3703.jpg;13;0;0;0;63;0;0;0;67;0;0;0;66;0;0;0;84;0;0;0;74;0;0;0;57;0;0;0;78;0;0;0;51;0;0;0;58;0;0;0;67;0;0;0;54;0;0;0;51;0;0;0;57;0;0;0;60;0;0;0;78;0;0;0;54;0;0;0;82;0;0;0;79;0;0;0;88;0;0;0;87;0;0;0;87;0;0;0;96;0;0;0;104;0;0;0;79;0;0;0;101;0;0;0;97;0;0;0;86;0;0;0;104;0;0;0;93;0;0;0;122;0;0;0;112;0;0;0;132;0;0;0;129;0;0;0;127;0;0;0;117;0;0;0;125;0;0;0;131;0;0;0;151;0;0;0;108;0;0;0;128;0;0;0;117;0;0;0;147;0;0;0;165;0;0;0;111;0;0;0;154;0;0;0;123;0;0;0;113;0;0;0;142;0;0;0;113;0;0;0;121;0;0;0;137;0;0;0;124;0;0;0;133;0;0;0;139;0;0;0;139;0;0;0;127;0;0;0;112;0;0;0;137;0;0;0;130;0;0;0;117;0;0;0;135;0;0;0;129;0;0;0;108;0;0;0;
n02091635_3822.jpg;0;0;0;0;0;0;0;0;0;0;0;0;0;0;0;0;0;0;0;0;0;0;0;0;0;0;0;0;0;0;0;0;0;0;0;0;1;0;0;0;2;0;0;0;3;0;0;0;6;0;0;0;14;0;0;0;18;0;0;0;32;0;0;0;51;0;0;0;62;0;0;0;70;0;0;0;89;0;0;0;101;0;0;0;121;0;0;0;157;0;0;0;134;0;0;0;175;0;0;0;182;0;0;0;219;0;0;0;234;0;0;0;227;0;0;0;17;1;0;0;72;1;0;0;59;1;0;0;83;1;0;0;84;1;0;0;106;1;0;0;118;1;0;0;108;1;0;0;193;1;0;0;157;1;0;0;223;1;0;0;178;1;0;0;208;1;0;0;192;1;0;0;235;1;0;0;222;1;0;0;212;1;0;0;17;2;0;0;241;1;0;0;229;1;0;0;29;2;0;0;24;2;0;0;64;2;0;0;95;2;0;0;94;2;0;0;166;2;0;0;137;2;0;0;193;2;0;0;38;3;0;0;108;3;0;0;199;3;0;0;211;3;0;0;115;4;0;0;6;5;0;0;20;5;0;0;
n02091635_3845.jpg;92;0;0;0;111;5;0;0;52;6;0;0;45;6;0;0;218;6;0;0;206;6;0;0;189;6;0;0;145;6;0;0;191;5;0;0;127;5;0;0;43;5;0;0;200;4;0;0;132;4;0;0;232;3;0;0;73;3;0;0;67;3;0;0;215;2;0;0;140;2;0;0;131;2;0;0;66;2;0;0;45;2;0;0;37;2;0;0;78;2;0;0;237;1;0;0;9;2;0;0;215;1;0;0;235;1;0;0;248;1;0;0;226;1;0;0;162;1;0;0;168;1;0;0;193;1;0;0;210;1;0;0;210;1;0;0;188;1;0;0;225;1;0;0;241;1;0;0;229;1;0;0;211;1;0;0;185;1;0;0;233;1;0;0;209;1;0;0;201;1;0;0;247;1;0;0;208;1;0;0;205;1;0;0;230;1;0;0;16;2;0;0;223;1;0;0;209;1;0;0;195;1;0;0;201;1;0;0;224;1;0;0;188;1;0;0;200;1;0;0;177;1;0;0;122;1;0;0;130;1;0;0;94;1;0;0;72;1;0;0;67;1;0;0;7;1;0;0;18;1;0;0;18;1;0;0;
n02091635_386.jpg;105;1;0;0;217;5;0;0;138;3;0;0;97;2;0;0;13;2;0;0;191;1;0;0;197;1;0;0;141;1;0;0;109;1;0;0;137;1;0;0;114;1;0;0;95;1;0;0;102;1;0;0;76;1;0;0;105;1;0;0;86;1;0;0;106;1;0;0;72;1;0;0;68;1;0;0;73;1;0;0;61;1;0;0;11;1;0;0;26;1;0;0;45;1;0;0;50;1;0;0;71;1;0;0;65;1;0;0;28;1;0;0;22;1;0;0;48;1;0;0;27;1;0;0;28;1;0;0;19;1;0;0;255;0;0;0;5;1;0;0;0;1;0;0;249;0;0;0;240;0;0;0;250;0;0;0;253;0;0;0;225;0;0;0;211;0;0;0;222;0;0;0;238;0;0;0;228;0;0;0;235;0;0;0;255;0;0;0;229;0;0;0;233;0;0;0;243;0;0;0;236;0;0;0;228;0;0;0;225;0;0;0;12;1;0;0;244;0;0;0;251;0;0;0;20;1;0;0;15;1;0;0;5;1;0;0;254;0;0;0;32;1;0;0;17;1;0;0;252;0;0;0;3;1;0;0;
n02091635_390.jpg;1;0;0;0;13;0;0;0;15;0;0;0;27;0;0;0;36;0;0;0;32;0;0;0;41;0;0;0;67;0;0;0;76;0;0;0;102;0;0;0;123;0;0;0;123;0;0;0;169;0;0;0;224;0;0;0;26;1;0;0;116;1;0;0;170;1;0;0;26;2;0;0;155;2;0;0;210;2;0;0;245;2;0;0;51;3;0;0;127;3;0;0;79;3;0;0;91;3;0;0;23;3;0;0;36;3;0;0;26;3;0;0;22;3;0;0;63;3;0;0;240;2;0;0;5;3;0;0;247;2;0;0;230;2;0;0;233;2;0;0;255;2;0;0;165;2;0;0;149;2;0;0;147;2;0;0;122;2;0;0;185;2;0;0;207;2;0;0;174;2;0;0;147;2;0;0;158;2;0;0;81;2;0;0;84;2;0;0;90;2;0;0;98;2;0;0;121;2;0;0;104;2;0;0;74;2;0;0;125;2;0;0;91;2;0;0;147;2;0;0;123;2;0;0;81;2;0;0;147;2;0;0;99;2;0;0;140;2;0;0;104;2;0;0;176;2;0;0;115;2;0;0;107;2;0;0;
n02091635_3900.jpg;3;0;0;0;7;0;0;0;2;0;0;0;4;0;0;0;1;0;0;0;0;0;0;0;0;0;0;0;0;0;0;0;0;0;0;0;1;0;0;0;0;0;0;0;0;0;0;0;0;0;0;0;0;0;0;0;0;0;0;0;0;0;0;0;0;0;0;0;0;0;0;0;0;0;0;0;0;0;0;0;0;0;0;0;0;0;0;0;0;0;0;0;0;0;0;0;0;0;0;0;0;0;0;0;0;0;0;0;0;0;0;0;0;0;0;0;0;0;0;0;0;0;0;0;0;0;0;0;0;0;0;0;0;0;0;0;0;0;0;0;0;0;0;0;0;0;0;0;0;0;0;0;0;0;0;0;0;0;0;0;0;0;0;0;0;0;0;0;0;0;0;0;0;0;0;0;0;0;0;0;3;0;0;0;0;0;0;0;2;0;0;0;3;0;0;0;8;0;0;0;6;0;0;0;10;0;0;0;16;0;0;0;10;0;0;0;19;0;0;0;23;0;0;0;15;0;0;0;27;0;0;0;22;0;0;0;29;0;0;0;35;0;0;0;46;0;0;0;42;0;0;0;80;0;0;0;
n02091635_3916.jpg;31;0;0;0;156;0;0;0;167;0;0;0;113;0;0;0;142;0;0;0;156;0;0;0;27;1;0;0;224;0;0;0;244;0;0;0;254;0;0;0;53;1;0;0;81;1;0;0;123;1;0;0;120;1;0;0;201;1;0;0;226;1;0;0;17;2;0;0;11;2;0;0;56;2;0;0;40;2;0;0;110;2;0;0;129;2;0;0;71;2;0;0;125;2;0;0;112;2;0;0;133;2;0;0;68;2;0;0;63;2;0;0;101;2;0;0;102;2;0;0;93;2;0;0;58;2;0;0;73;2;0;0;72;2;0;0;84;2;0;0;48;2;0;0;38;2;0;0;55;2;0;0;36;2;0;0;244;1;0;0;2;2;0;0;3;2;0;0;247;1;0;0;222;1;0;0;246;1;0;0;243;1;0;0;234;1;0;0;178;1;0;0;245;1;0;0;225;1;0;0;216;1;0;0;233;1;0;0;236;1;0;0;16;2;0;0;241;1;0;0;30;2;0;0;244;1;0;0;217;1;0;0;234;1;0;0;241;1;0;0;29;2;0;0;37;2;0;0;34;2;0;0;32;2;0;0;
n02091635_3941.jpg;207;0;0;0;109;1;0;0;191;0;0;0;140;0;0;0;202;0;0;0;172;0;0;0;195;0;0;0;180;0;0;0;167;0;0;0;149;0;0;0;167;0;0;0;164;0;0;0;191;0;0;0;180;0;0;0;175;0;0;0;194;0;0;0;174;0;0;0;162;0;0;0;215;0;0;0;194;0;0;0;187;0;0;0;187;0;0;0;211;0;0;0;194;0;0;0;202;0;0;0;203;0;0;0;202;0;0;0;215;0;0;0;188;0;0;0;229;0;0;0;215;0;0;0;244;0;0;0;226;0;0;0;255;0;0;0;227;0;0;0;218;0;0;0;215;0;0;0;235;0;0;0;246;0;0;0;253;0;0;0;240;0;0;0;254;0;0;0;241;0;0;0;239;0;0;0;3;1;0;0;17;1;0;0;240;0;0;0;26;1;0;0;254;0;0;0;7;1;0;0;14;1;0;0;10;1;0;0;47;1;0;0;56;1;0;0;19;1;0;0;23;1;0;0;42;1;0;0;55;1;0;0;32;1;0;0;46;1;0;0;69;1;0;0;101;1;0;0;90;1;0;0;112;1;0;0;
n02091635_3990.jpg;18;0;0;0;95;0;0;0;59;0;0;0;72;0;0;0;110;0;0;0;106;0;0;0;92;0;0;0;249;0;0;0;82;0;0;0;216;0;0;0;90;0;0;0;83;0;0;0;120;0;0;0;116;0;0;0;134;0;0;0;115;0;0;0;97;0;0;0;113;0;0;0;98;0;0;0;101;0;0;0;97;0;0;0;84;0;0;0;75;0;0;0;43;0;0;0;26;0;0;0;34;0;0;0;20;0;0;0;17;0;0;0;18;0;0;0;25;0;0;0;28;0;0;0;31;0;0;0;45;0;0;0;62;0;0;0;73;0;0;0;122;0;0;0;91;0;0;0;123;0;0;0;141;0;0;0;142;0;0;0;166;0;0;0;146;0;0;0;160;0;0;0;163;0;0;0;187;0;0;0;211;0;0;0;1;1;0;0;53;1;0;0;131;1;0;0;36;2;0;0;113;2;0;0;143;2;0;0;6;3;0;0;133;3;0;0;54;4;0;0;225;4;0;0;171;4;0;0;55;5;0;0;159;4;0;0;210;4;0;0;221;4;0;0;14;5;0;0;34;5;0;0;71;5;0;0;
n02091635_4003.jpg;146;0;0;0;178;0;0;0;152;0;0;0;180;0;0;0;219;0;0;0;10;1;0;0;95;1;0;0;195;1;0;0;74;2;0;0;217;2;0;0;124;3;0;0;223;3;0;0;149;4;0;0;146;4;0;0;86;5;0;0;42;5;0;0;73;5;0;0;232;4;0;0;165;4;0;0;86;4;0;0;6;4;0;0;21;4;0;0;194;3;0;0;102;3;0;0;87;3;0;0;93;3;0;0;80;3;0;0;43;3;0;0;16;3;0;0;11;3;0;0;239;2;0;0;2;3;0;0;247;2;0;0;231;2;0;0;18;3;0;0;216;2;0;0;226;2;0;0;242;2;0;0;0;3;0;0;220;2;0;0;183;2;0;0;152;2;0;0;109;2;0;0;133;2;0;0;122;2;0;0;125;2;0;0;96;2;0;0;153;2;0;0;111;2;0;0;54;2;0;0;23;2;0;0;50;2;0;0;31;2;0;0;5;2;0;0;29;2;0;0;229;1;0;0;229;1;0;0;215;1;0;0;196;1;0;0;193;1;0;0;159;1;0;0;162;1;0;0;158;1;0;0;188;1;0;0;
n02091635_4045.jpg;0;0;0;0;0;0;0;0;0;0;0;0;0;0;0;0;2;0;0;0;2;0;0;0;1;0;0;0;2;0;0;0;2;0;0;0;7;0;0;0;6;0;0;0;12;0;0;0;21;0;0;0;26;0;0;0;25;0;0;0;44;0;0;0;57;0;0;0;55;0;0;0;51;0;0;0;51;0;0;0;61;0;0;0;62;0;0;0;81;0;0;0;97;0;0;0;94;0;0;0;80;0;0;0;88;0;0;0;71;0;0;0;83;0;0;0;63;0;0;0;64;0;0;0;70;0;0;0;84;0;0;0;55;0;0;0;74;0;0;0;89;0;0;0;84;0;0;0;82;0;0;0;81;0;0;0;90;0;0;0;71;0;0;0;86;0;0;0;99;0;0;0;93;0;0;0;122;0;0;0;135;0;0;0;111;0;0;0;139;0;0;0;148;0;0;0;144;0;0;0;178;0;0;0;177;0;0;0;161;0;0;0;202;0;0;0;198;0;0;0;212;0;0;0;202;0;0;0;239;0;0;0;238;0;0;0;212;0;0;0;226;0;0;0;20;1;0;0;5;1;0;0;20;1;0;0;
n02091635_4068.jpg;20;0;0;0;105;0;0;0;79;0;0;0;47;0;0;0;40;0;0;0;19;0;0;0;25;0;0;0;20;0;0;0;15;0;0;0;12;0;0;0;17;0;0;0;17;0;0;0;16;0;0;0;15;0;0;0;16;0;0;0;20;0;0;0;11;0;0;0;12;0;0;0;17;0;0;0;14;0;0;0;21;0;0;0;11;0;0;0;12;0;0;0;12;0;0;0;14;0;0;0;8;0;0;0;25;0;0;0;9;0;0;0;12;0;0;0;18;0;0;0;12;0;0;0;23;0;0;0;11;0;0;0;18;0;0;0;17;0;0;0;15;0;0;0;13;0;0;0;23;0;0;0;13;0;0;0;19;0;0;0;14;0;0;0;20;0;0;0;17;0;0;0;30;0;0;0;22;0;0;0;29;0;0;0;16;0;0;0;22;0;0;0;29;0;0;0;23;0;0;0;24;0;0;0;17;0;0;0;22;0;0;0;26;0;0;0;25;0;0;0;31;0;0;0;26;0;0;0;30;0;0;0;13;0;0;0;24;0;0;0;20;0;0;0;20;0;0;0;21;0;0;0;28;0;0;0;
n02091635_4174.jpg;0;0;0;0;1;0;0;0;4;0;0;0;3;0;0;0;2;0;0;0;4;0;0;0;7;0;0;0;4;0;0;0;8;0;0;0;5;0;0;0;10;0;0;0;18;0;0;0;12;0;0;0;21;0;0;0;22;0;0;0;26;0;0;0;33;0;0;0;44;0;0;0;58;0;0;0;56;0;0;0;61;0;0;0;79;0;0;0;77;0;0;0;106;0;0;0;109;0;0;0;122;0;0;0;144;0;0;0;148;0;0;0;208;0;0;0;232;0;0;0;241;0;0;0;250;0;0;0;18;1;0;0;46;1;0;0;97;1;0;0;103;1;0;0;82;1;0;0;154;1;0;0;154;1;0;0;230;1;0;0;204;1;0;0;220;1;0;0;246;1;0;0;253;1;0;0;71;2;0;0;65;2;0;0;117;2;0;0;162;2;0;0;152;2;0;0;205;2;0;0;202;2;0;0;51;3;0;0;93;3;0;0;92;3;0;0;173;3;0;0;208;3;0;0;238;3;0;0;59;4;0;0;79;4;0;0;103;4;0;0;88;4;0;0;109;4;0;0;180;4;0;0;182;4;0;0;
n02091635_4175.jpg;0;0;0;0;0;0;0;0;0;0;0;0;1;0;0;0;0;0;0;0;1;0;0;0;0;0;0;0;2;0;0;0;2;0;0;0;3;0;0;0;6;0;0;0;7;0;0;0;5;0;0;0;8;0;0;0;13;0;0;0;29;0;0;0;18;0;0;0;37;0;0;0;46;0;0;0;74;0;0;0;111;0;0;0;132;0;0;0;199;0;0;0;113;1;0;0;76;2;0;0;83;3;0;0;61;4;0;0;161;4;0;0;168;4;0;0;163;4;0;0;170;4;0;0;187;4;0;0;139;4;0;0;46;4;0;0;243;3;0;0;202;3;0;0;170;3;0;0;172;3;0;0;148;3;0;0;136;3;0;0;140;3;0;0;55;3;0;0;114;3;0;0;24;3;0;0;90;3;0;0;42;3;0;0;101;3;0;0;67;3;0;0;51;3;0;0;74;3;0;0;83;3;0;0;121;3;0;0;151;3;0;0;68;3;0;0;133;3;0;0;127;3;0;0;147;3;0;0;185;3;0;0;169;3;0;0;129;3;0;0;193;3;0;0;240;3;0;0;219;3;0;0;15;4;0;0;
n02091635_426.jpg;0;0;0;0;0;0;0;0;0;0;0;0;0;0;0;0;2;0;0;0;8;0;0;0;7;0;0;0;13;0;0;0;9;0;0;0;16;0;0;0;17;0;0;0;17;0;0;0;12;0;0;0;17;0;0;0;27;0;0;0;14;0;0;0;21;0;0;0;25;0;0;0;33;0;0;0;29;0;0;0;37;0;0;0;26;0;0;0;30;0;0;0;35;0;0;0;30;0;0;0;21;0;0;0;36;0;0;0;33;0;0;0;23;0;0;0;29;0;0;0;27;0;0;0;15;0;0;0;30;0;0;0;32;0;0;0;24;0;0;0;19;0;0;0;34;0;0;0;38;0;0;0;42;0;0;0;31;0;0;0;28;0;0;0;44;0;0;0;37;0;0;0;35;0;0;0;44;0;0;0;36;0;0;0;45;0;0;0;40;0;0;0;52;0;0;0;50;0;0;0;46;0;0;0;55;0;0;0;54;0;0;0;63;0;0;0;63;0;0;0;62;0;0;0;68;0;0;0;73;0;0;0;77;0;0;0;89;0;0;0;93;0;0;0;93;0;0;0;98;0;0;0;96;0;0;0;
n02091635_4325.jpg;0;0;0;0;0;0;0;0;0;0;0;0;0;0;0;0;0;0;0;0;0;0;0;0;0;0;0;0;0;0;0;0;0;0;0;0;0;0;0;0;0;0;0;0;0;0;0;0;0;0;0;0;0;0;0;0;0;0;0;0;0;0;0;0;0;0;0;0;0;0;0;0;0;0;0;0;0;0;0;0;0;0;0;0;0;0;0;0;0;0;0;0;0;0;0;0;1;0;0;0;0;0;0;0;1;0;0;0;1;0;0;0;5;0;0;0;2;0;0;0;2;0;0;0;1;0;0;0;1;0;0;0;6;0;0;0;9;0;0;0;15;0;0;0;10;0;0;0;17;0;0;0;26;0;0;0;32;0;0;0;24;0;0;0;30;0;0;0;39;0;0;0;51;0;0;0;54;0;0;0;53;0;0;0;44;0;0;0;48;0;0;0;55;0;0;0;49;0;0;0;71;0;0;0;80;0;0;0;78;0;0;0;95;0;0;0;104;0;0;0;97;0;0;0;117;0;0;0;108;0;0;0;111;0;0;0;138;0;0;0;171;0;0;0;162;0;0;0;195;0;0;0;211;0;0;0;
n02091635_4330.jpg;75;0;0;0;44;1;0;0;42;1;0;0;156;0;0;0;238;0;0;0;184;0;0;0;183;0;0;0;181;0;0;0;194;0;0;0;214;0;0;0;225;0;0;0;251;0;0;0;26;1;0;0;14;1;0;0;140;2;0;0;29;1;0;0;255;2;0;0;26;1;0;0;76;1;0;0;18;1;0;0;17;1;0;0;24;1;0;0;39;1;0;0;29;1;0;0;120;1;0;0;107;1;0;0;166;1;0;0;149;1;0;0;253;1;0;0;134;1;0;0;114;1;0;0;52;1;0;0;227;0;0;0;219;0;0;0;227;0;0;0;221;0;0;0;211;0;0;0;211;0;0;0;223;0;0;0;180;0;0;0;201;0;0;0;209;0;0;0;200;0;0;0;192;0;0;0;212;0;0;0;225;0;0;0;242;0;0;0;228;0;0;0;60;1;0;0;215;0;0;0;219;0;0;0;197;0;0;0;193;0;0;0;201;0;0;0;202;0;0;0;207;0;0;0;209;0;0;0;186;0;0;0;174;0;0;0;185;0;0;0;193;0;0;0;199;0;0;0;232;0;0;0;231;0;0;0;
n02091635_436.jpg;32;0;0;0;104;0;0;0;101;0;0;0;151;0;0;0;233;0;0;0;50;1;0;0;131;1;0;0;40;2;0;0;117;2;0;0;212;2;0;0;106;3;0;0;121;3;0;0;219;3;0;0;50;4;0;0;140;4;0;0;170;4;0;0;195;4;0;0;238;4;0;0;18;5;0;0;50;5;0;0;97;5;0;0;149;5;0;0;224;5;0;0;127;5;0;0;211;5;0;0;208;5;0;0;157;5;0;0;198;5;0;0;240;5;0;0;168;5;0;0;155;5;0;0;144;5;0;0;140;5;0;0;57;5;0;0;105;5;0;0;86;5;0;0;33;5;0;0;248;4;0;0;210;4;0;0;123;4;0;0;144;4;0;0;165;4;0;0;100;4;0;0;56;4;0;0;52;4;0;0;14;4;0;0;7;4;0;0;200;3;0;0;14;4;0;0;231;3;0;0;176;3;0;0;189;3;0;0;221;3;0;0;100;3;0;0;82;3;0;0;142;3;0;0;135;3;0;0;88;3;0;0;82;3;0;0;71;3;0;0;79;3;0;0;35;3;0;0;33;3;0;0;205;2;0;0;
n02091635_4368.jpg;1;0;0;0;4;0;0;0;6;0;0;0;1;0;0;0;2;0;0;0;1;0;0;0;3;0;0;0;3;0;0;0;0;0;0;0;1;0;0;0;1;0;0;0;4;0;0;0;6;0;0;0;5;0;0;0;1;0;0;0;3;0;0;0;2;0;0;0;4;0;0;0;2;0;0;0;5;0;0;0;9;0;0;0;8;0;0;0;4;0;0;0;9;0;0;0;9;0;0;0;3;0;0;0;7;0;0;0;10;0;0;0;14;0;0;0;17;0;0;0;19;0;0;0;21;0;0;0;21;0;0;0;31;0;0;0;33;0;0;0;36;0;0;0;63;0;0;0;74;0;0;0;49;0;0;0;49;0;0;0;72;0;0;0;72;0;0;0;86;0;0;0;103;0;0;0;108;0;0;0;122;0;0;0;137;0;0;0;167;0;0;0;194;0;0;0;172;0;0;0;207;0;0;0;229;0;0;0;251;0;0;0;21;1;0;0;30;1;0;0;39;1;0;0;69;1;0;0;83;1;0;0;129;1;0;0;139;1;0;0;147;1;0;0;169;1;0;0;201;1;0;0;210;1;0;0;
n02091635_4377.jpg;22;0;0;0;191;0;0;0;43;1;0;0;244;0;0;0;198;0;0;0;178;0;0;0;187;0;0;0;207;0;0;0;208;0;0;0;181;0;0;0;182;0;0;0;182;0;0;0;141;0;0;0;188;0;0;0;136;0;0;0;128;0;0;0;118;0;0;0;147;0;0;0;127;0;0;0;104;0;0;0;85;0;0;0;123;0;0;0;101;0;0;0;108;0;0;0;82;0;0;0;90;0;0;0;86;0;0;0;104;0;0;0;89;0;0;0;91;0;0;0;80;0;0;0;96;0;0;0;86;0;0;0;90;0;0;0;111;0;0;0;104;0;0;0;121;0;0;0;111;0;0;0;110;0;0;0;115;0;0;0;116;0;0;0;154;0;0;0;135;0;0;0;140;0;0;0;156;0;0;0;149;0;0;0;177;0;0;0;149;0;0;0;160;0;0;0;183;0;0;0;175;0;0;0;183;0;0;0;180;0;0;0;167;0;0;0;196;0;0;0;175;0;0;0;191;0;0;0;182;0;0;0;180;0;0;0;191;0;0;0;172;0;0;0;172;0;0;0;165;0;0;0;150;0;0;0;
n02091635_4422.jpg;11;0;0;0;47;0;0;0;85;0;0;0;49;0;0;0;80;0;0;0;56;0;0;0;81;0;0;0;79;0;0;0;88;0;0;0;70;0;0;0;88;0;0;0;97;0;0;0;107;0;0;0;137;0;0;0;130;0;0;0;170;0;0;0;155;0;0;0;192;0;0;0;213;0;0;0;208;0;0;0;219;0;0;0;243;0;0;0;0;1;0;0;17;1;0;0;246;0;0;0;2;1;0;0;42;1;0;0;28;1;0;0;31;1;0;0;52;1;0;0;31;1;0;0;57;1;0;0;33;1;0;0;72;1;0;0;94;1;0;0;91;1;0;0;106;1;0;0;103;1;0;0;117;1;0;0;155;1;0;0;164;1;0;0;203;1;0;0;19;2;0;0;60;2;0;0;81;2;0;0;40;2;0;0;75;2;0;0;99;2;0;0;32;2;0;0;126;2;0;0;146;2;0;0;93;2;0;0;83;2;0;0;54;2;0;0;62;2;0;0;245;1;0;0;29;2;0;0;215;1;0;0;252;1;0;0;245;1;0;0;246;1;0;0;245;1;0;0;9;2;0;0;207;1;0;0;
n02091635_4446.jpg;0;0;0;0;6;0;0;0;7;0;0;0;8;0;0;0;19;0;0;0;17;0;0;0;46;0;0;0;35;0;0;0;45;0;0;0;93;0;0;0;107;0;0;0;176;0;0;0;193;0;0;0;79;1;0;0;212;1;0;0;153;3;0;0;240;2;0;0;50;2;0;0;219;1;0;0;187;1;0;0;167;1;0;0;117;1;0;0;115;1;0;0;68;1;0;0;75;1;0;0;50;1;0;0;27;1;0;0;54;1;0;0;26;1;0;0;50;1;0;0;11;1;0;0;55;1;0;0;67;1;0;0;43;1;0;0;57;1;0;0;39;1;0;0;67;1;0;0;73;1;0;0;73;1;0;0;48;1;0;0;47;1;0;0;49;1;0;0;44;1;0;0;18;1;0;0;253;0;0;0;29;1;0;0;6;1;0;0;7;1;0;0;10;1;0;0;239;0;0;0;233;0;0;0;235;0;0;0;194;0;0;0;210;0;0;0;208;0;0;0;196;0;0;0;216;0;0;0;200;0;0;0;182;0;0;0;176;0;0;0;180;0;0;0;198;0;0;0;183;0;0;0;166;0;0;0;
n02091635_452.jpg;9;0;0;0;7;0;0;0;10;0;0;0;19;0;0;0;29;0;0;0;36;0;0;0;45;0;0;0;79;0;0;0;94;0;0;0;112;0;0;0;140;0;0;0;175;0;0;0;205;0;0;0;211;0;0;0;30;1;0;0;58;1;0;0;79;1;0;0;135;1;0;0;141;1;0;0;227;1;0;0;61;2;0;0;147;2;0;0;215;2;0;0;23;3;0;0;154;3;0;0;179;3;0;0;230;3;0;0;193;3;0;0;150;3;0;0;86;3;0;0;97;3;0;0;114;3;0;0;39;3;0;0;47;3;0;0;246;2;0;0;30;3;0;0;76;3;0;0;69;3;0;0;17;3;0;0;28;3;0;0;41;3;0;0;210;2;0;0;163;2;0;0;143;2;0;0;135;2;0;0;131;2;0;0;107;2;0;0;2;2;0;0;249;1;0;0;237;1;0;0;193;1;0;0;198;1;0;0;160;1;0;0;188;1;0;0;151;1;0;0;102;1;0;0;140;1;0;0;155;1;0;0;106;1;0;0;121;1;0;0;146;1;0;0;76;1;0;0;76;1;0;0;54;1;0;0;
n02091635_4626.jpg;0;0;0;0;2;0;0;0;5;0;0;0;1;0;0;0;7;0;0;0;1;0;0;0;3;0;0;0;4;0;0;0;4;0;0;0;3;0;0;0;2;0;0;0;8;0;0;0;7;0;0;0;6;0;0;0;13;0;0;0;12;0;0;0;18;0;0;0;10;0;0;0;29;0;0;0;31;0;0;0;42;0;0;0;49;0;0;0;72;0;0;0;59;0;0;0;66;0;0;0;61;0;0;0;87;0;0;0;95;0;0;0;113;0;0;0;97;0;0;0;120;0;0;0;135;0;0;0;172;0;0;0;170;0;0;0;209;0;0;0;237;0;0;0;5;1;0;0;47;1;0;0;111;1;0;0;84;1;0;0;156;1;0;0;162;1;0;0;18;2;0;0;229;1;0;0;255;1;0;0;172;1;0;0;205;1;0;0;243;1;0;0;25;2;0;0;67;2;0;0;166;2;0;0;175;2;0;0;214;2;0;0;247;2;0;0;21;3;0;0;212;2;0;0;143;2;0;0;27;2;0;0;190;1;0;0;179;1;0;0;150;1;0;0;143;1;0;0;145;1;0;0;113;1;0;0;
n02091635_4628.jpg;0;0;0;0;0;0;0;0;0;0;0;0;0;0;0;0;0;0;0;0;2;0;0;0;0;0;0;0;0;0;0;0;3;0;0;0;3;0;0;0;4;0;0;0;2;0;0;0;7;0;0;0;13;0;0;0;19;0;0;0;34;0;0;0;35;0;0;0;64;0;0;0;72;0;0;0;90;0;0;0;1;1;0;0;224;0;0;0;250;2;0;0;241;1;0;0;62;3;0;0;169;2;0;0;22;4;0;0;146;3;0;0;35;4;0;0;194;3;0;0;22;4;0;0;236;3;0;0;105;4;0;0;232;3;0;0;123;4;0;0;207;3;0;0;127;4;0;0;0;4;0;0;147;4;0;0;191;3;0;0;231;3;0;0;128;3;0;0;96;3;0;0;121;3;0;0;126;3;0;0;99;3;0;0;48;3;0;0;33;3;0;0;34;3;0;0;22;3;0;0;70;3;0;0;244;2;0;0;88;3;0;0;108;3;0;0;68;3;0;0;121;3;0;0;136;3;0;0;110;3;0;0;131;3;0;0;160;3;0;0;178;4;0;0;120;3;0;0;241;3;0;0;146;3;0;0;
n02091635_4632.jpg;1;0;0;0;2;0;0;0;2;0;0;0;3;0;0;0;2;0;0;0;5;0;0;0;12;0;0;0;16;0;0;0;15;0;0;0;31;0;0;0;34;0;0;0;25;0;0;0;36;0;0;0;52;0;0;0;53;0;0;0;41;0;0;0;23;0;0;0;30;0;0;0;31;0;0;0;46;0;0;0;47;0;0;0;52;0;0;0;71;0;0;0;81;0;0;0;110;0;0;0;103;0;0;0;120;0;0;0;193;0;0;0;232;0;0;0;52;1;0;0;86;1;0;0;48;1;0;0;17;1;0;0;248;0;0;0;9;1;0;0;247;0;0;0;213;0;0;0;189;0;0;0;180;0;0;0;165;0;0;0;164;0;0;0;173;0;0;0;114;0;0;0;147;0;0;0;115;0;0;0;130;0;0;0;95;0;0;0;100;0;0;0;114;0;0;0;104;0;0;0;114;0;0;0;105;0;0;0;110;0;0;0;118;0;0;0;98;0;0;0;90;0;0;0;107;0;0;0;90;0;0;0;105;0;0;0;100;0;0;0;109;0;0;0;89;0;0;0;107;0;0;0;109;0;0;0;
n02091635_4697.jpg;0;0;0;0;0;0;0;0;0;0;0;0;0;0;0;0;0;0;0;0;0;0;0;0;1;0;0;0;0;0;0;0;1;0;0;0;4;0;0;0;4;0;0;0;11;0;0;0;17;0;0;0;16;0;0;0;33;0;0;0;61;0;0;0;90;0;0;0;92;0;0;0;136;0;0;0;133;0;0;0;192;0;0;0;173;0;0;0;195;0;0;0;181;0;0;0;186;0;0;0;179;0;0;0;151;0;0;0;188;0;0;0;175;0;0;0;208;0;0;0;195;0;0;0;233;0;0;0;226;0;0;0;254;0;0;0;16;1;0;0;6;1;0;0;50;1;0;0;56;1;0;0;67;1;0;0;72;1;0;0;77;1;0;0;120;1;0;0;191;1;0;0;200;1;0;0;7;2;0;0;17;2;0;0;246;1;0;0;58;2;0;0;88;2;0;0;151;2;0;0;115;2;0;0;137;2;0;0;173;2;0;0;202;2;0;0;132;2;0;0;199;2;0;0;7;3;0;0;210;2;0;0;36;3;0;0;26;3;0;0;84;3;0;0;128;3;0;0;70;3;0;0;157;3;0;0;
n02091635_4698.jpg;85;0;0;0;241;0;0;0;2;1;0;0;216;0;0;0;66;1;0;0;92;1;0;0;95;1;0;0;86;1;0;0;177;1;0;0;151;1;0;0;115;1;0;0;214;1;0;0;217;1;0;0;169;1;0;0;215;1;0;0;213;1;0;0;174;1;0;0;179;1;0;0;186;1;0;0;172;1;0;0;186;1;0;0;189;1;0;0;161;1;0;0;152;1;0;0;171;1;0;0;136;1;0;0;137;1;0;0;136;1;0;0;151;1;0;0;146;1;0;0;192;1;0;0;209;1;0;0;241;1;0;0;239;1;0;0;5;2;0;0;41;2;0;0;61;2;0;0;46;2;0;0;33;2;0;0;65;2;0;0;46;2;0;0;10;2;0;0;210;1;0;0;238;1;0;0;223;1;0;0;199;1;0;0;199;1;0;0;173;1;0;0;157;1;0;0;118;1;0;0;106;1;0;0;129;1;0;0;111;1;0;0;108;1;0;0;78;1;0;0;52;1;0;0;50;1;0;0;14;1;0;0;26;1;0;0;22;1;0;0;45;1;0;0;21;1;0;0;32;1;0;0;23;1;0;0;
n02091635_470.jpg;0;0;0;0;0;0;0;0;1;0;0;0;1;0;0;0;5;0;0;0;10;0;0;0;24;0;0;0;48;0;0;0;73;0;0;0;139;0;0;0;197;0;0;0;199;0;0;0;195;0;0;0;158;0;0;0;153;0;0;0;150;0;0;0;205;0;0;0;250;0;0;0;63;1;0;0;92;1;0;0;109;1;0;0;83;1;0;0;58;1;0;0;69;1;0;0;42;1;0;0;40;1;0;0;30;1;0;0;37;1;0;0;33;1;0;0;255;0;0;0;4;1;0;0;26;1;0;0;226;0;0;0;5;1;0;0;13;1;0;0;6;1;0;0;21;1;0;0;19;1;0;0;4;1;0;0;73;1;0;0;67;1;0;0;106;1;0;0;146;1;0;0;177;1;0;0;253;1;0;0;40;2;0;0;48;2;0;0;126;2;0;0;116;2;0;0;181;2;0;0;200;2;0;0;32;3;0;0;17;3;0;0;229;2;0;0;58;3;0;0;1;3;0;0;100;3;0;0;71;3;0;0;109;3;0;0;83;3;0;0;83;3;0;0;49;3;0;0;117;3;0;0;120;3;0;0;
n02091635_4705.jpg;81;0;0;0;43;2;0;0;165;1;0;0;104;1;0;0;182;1;0;0;157;1;0;0;172;1;0;0;238;1;0;0;225;1;0;0;44;2;0;0;24;2;0;0;132;2;0;0;197;2;0;0;248;2;0;0;241;2;0;0;195;2;0;0;200;2;0;0;246;2;0;0;193;2;0;0;185;2;0;0;244;2;0;0;154;2;0;0;184;2;0;0;214;2;0;0;173;2;0;0;158;2;0;0;222;2;0;0;53;2;0;0;80;2;0;0;83;2;0;0;102;2;0;0;21;2;0;0;230;1;0;0;219;1;0;0;171;1;0;0;136;1;0;0;114;1;0;0;69;1;0;0;59;1;0;0;71;1;0;0;22;1;0;0;21;1;0;0;22;1;0;0;253;0;0;0;13;1;0;0;0;1;0;0;234;0;0;0;224;0;0;0;225;0;0;0;11;1;0;0;238;0;0;0;242;0;0;0;225;0;0;0;250;0;0;0;215;0;0;0;205;0;0;0;214;0;0;0;211;0;0;0;193;0;0;0;194;0;0;0;173;0;0;0;183;0;0;0;166;0;0;0;193;0;0;0;
n02091635_4718.jpg;0;0;0;0;1;0;0;0;2;0;0;0;8;0;0;0;6;0;0;0;8;0;0;0;8;0;0;0;8;0;0;0;6;0;0;0;2;0;0;0;11;0;0;0;8;0;0;0;4;0;0;0;14;0;0;0;6;0;0;0;9;0;0;0;5;0;0;0;8;0;0;0;12;0;0;0;10;0;0;0;19;0;0;0;19;0;0;0;14;0;0;0;21;0;0;0;37;0;0;0;39;0;0;0;30;0;0;0;28;0;0;0;46;0;0;0;38;0;0;0;49;0;0;0;57;0;0;0;58;0;0;0;56;0;0;0;73;0;0;0;93;0;0;0;95;0;0;0;123;0;0;0;114;0;0;0;143;0;0;0;135;0;0;0;151;0;0;0;196;0;0;0;184;0;0;0;191;0;0;0;208;0;0;0;229;0;0;0;12;1;0;0;0;1;0;0;25;1;0;0;42;1;0;0;68;1;0;0;72;1;0;0;95;1;0;0;154;1;0;0;131;1;0;0;150;1;0;0;175;1;0;0;205;1;0;0;197;1;0;0;190;1;0;0;253;1;0;0;37;2;0;0;203;1;0;0;
n02091635_523.jpg;4;0;0;0;41;0;0;0;250;0;0;0;142;1;0;0;139;1;0;0;97;1;0;0;88;1;0;0;29;1;0;0;250;0;0;0;230;0;0;0;192;0;0;0;206;0;0;0;195;0;0;0;197;0;0;0;197;0;0;0;186;0;0;0;194;0;0;0;190;0;0;0;200;0;0;0;205;0;0;0;192;0;0;0;226;0;0;0;211;0;0;0;236;0;0;0;244;0;0;0;249;0;0;0;229;0;0;0;215;0;0;0;243;0;0;0;249;0;0;0;45;1;0;0;21;1;0;0;251;0;0;0;13;1;0;0;13;1;0;0;21;1;0;0;252;0;0;0;21;1;0;0;16;1;0;0;76;1;0;0;54;1;0;0;68;1;0;0;86;1;0;0;77;1;0;0;110;1;0;0;160;1;0;0;158;1;0;0;118;1;0;0;137;1;0;0;146;1;0;0;172;1;0;0;142;1;0;0;123;1;0;0;193;1;0;0;114;1;0;0;176;1;0;0;177;1;0;0;191;1;0;0;212;1;0;0;162;1;0;0;157;1;0;0;207;1;0;0;177;1;0;0;192;1;0;0;
n02091635_542.jpg;146;0;0;0;15;1;0;0;198;0;0;0;173;0;0;0;159;0;0;0;166;0;0;0;185;0;0;0;180;0;0;0;170;0;0;0;183;0;0;0;189;0;0;0;220;0;0;0;221;0;0;0;213;0;0;0;235;0;0;0;209;0;0;0;240;0;0;0;219;0;0;0;237;0;0;0;182;0;0;0;217;0;0;0;216;0;0;0;210;0;0;0;185;0;0;0;169;0;0;0;159;0;0;0;159;0;0;0;171;0;0;0;186;0;0;0;168;0;0;0;189;0;0;0;161;0;0;0;173;0;0;0;173;0;0;0;168;0;0;0;152;0;0;0;168;0;0;0;154;0;0;0;147;0;0;0;147;0;0;0;135;0;0;0;130;0;0;0;111;0;0;0;150;0;0;0;124;0;0;0;145;0;0;0;125;0;0;0;149;0;0;0;116;0;0;0;112;0;0;0;122;0;0;0;133;0;0;0;118;0;0;0;115;0;0;0;120;0;0;0;131;0;0;0;123;0;0;0;146;0;0;0;138;0;0;0;147;0;0;0;141;0;0;0;138;0;0;0;144;0;0;0;152;0;0;0;
n02091635_554.jpg;25;0;0;0;61;0;0;0;52;0;0;0;55;0;0;0;42;0;0;0;49;0;0;0;55;0;0;0;64;0;0;0;60;0;0;0;66;0;0;0;84;0;0;0;64;0;0;0;98;0;0;0;94;0;0;0;123;0;0;0;122;0;0;0;125;0;0;0;144;0;0;0;142;0;0;0;147;0;0;0;142;0;0;0;143;0;0;0;138;0;0;0;159;0;0;0;169;0;0;0;160;0;0;0;182;0;0;0;197;0;0;0;173;0;0;0;206;0;0;0;226;0;0;0;236;0;0;0;244;0;0;0;17;1;0;0;231;0;0;0;11;1;0;0;27;1;0;0;44;1;0;0;83;1;0;0;51;1;0;0;117;1;0;0;143;1;0;0;146;1;0;0;124;1;0;0;141;1;0;0;146;1;0;0;137;1;0;0;191;1;0;0;189;1;0;0;232;1;0;0;235;1;0;0;241;1;0;0;230;1;0;0;254;1;0;0;15;2;0;0;6;2;0;0;42;2;0;0;96;2;0;0;39;2;0;0;132;2;0;0;122;2;0;0;98;2;0;0;172;2;0;0;182;2;0;0;
n02091635_6.jpg;0;0;0;0;2;0;0;0;4;0;0;0;3;0;0;0;1;0;0;0;2;0;0;0;2;0;0;0;2;0;0;0;4;0;0;0;2;0;0;0;2;0;0;0;5;0;0;0;7;0;0;0;9;0;0;0;12;0;0;0;9;0;0;0;11;0;0;0;14;0;0;0;16;0;0;0;21;0;0;0;19;0;0;0;20;0;0;0;30;0;0;0;26;0;0;0;29;0;0;0;18;0;0;0;28;0;0;0;36;0;0;0;25;0;0;0;42;0;0;0;41;0;0;0;34;0;0;0;37;0;0;0;49;0;0;0;35;0;0;0;34;0;0;0;47;0;0;0;38;0;0;0;54;0;0;0;42;0;0;0;42;0;0;0;38;0;0;0;64;0;0;0;46;0;0;0;43;0;0;0;48;0;0;0;48;0;0;0;39;0;0;0;40;0;0;0;50;0;0;0;36;0;0;0;37;0;0;0;44;0;0;0;31;0;0;0;46;0;0;0;60;0;0;0;59;0;0;0;39;0;0;0;67;0;0;0;46;0;0;0;59;0;0;0;55;0;0;0;58;0;0;0;60;0;0;0;
n02091635_658.jpg;0;0;0;0;0;0;0;0;0;0;0;0;0;0;0;0;0;0;0;0;0;0;0;0;0;0;0;0;0;0;0;0;0;0;0;0;0;0;0;0;1;0;0;0;0;0;0;0;0;0;0;0;2;0;0;0;3;0;0;0;15;0;0;0;54;0;0;0;149;0;0;0;219;0;0;0;252;0;0;0;37;1;0;0;27;1;0;0;66;1;0;0;79;1;0;0;151;1;0;0;237;1;0;0;104;2;0;0;89;3;0;0;219;6;0;0;167;16;0;0;135;7;0;0;233;1;0;0;171;1;0;0;66;1;0;0;81;1;0;0;97;1;0;0;51;1;0;0;85;1;0;0;61;1;0;0;25;1;0;0;35;1;0;0;38;1;0;0;44;1;0;0;25;1;0;0;37;1;0;0;95;1;0;0;123;1;0;0;138;1;0;0;231;1;0;0;7;2;0;0;8;2;0;0;25;2;0;0;80;2;0;0;76;2;0;0;139;2;0;0;226;2;0;0;248;2;0;0;45;3;0;0;3;3;0;0;233;2;0;0;240;2;0;0;254;2;0;0;91;3;0;0;135;3;0;0;
n02091635_663.jpg;12;0;0;0;67;0;0;0;86;0;0;0;98;0;0;0;116;0;0;0;102;0;0;0;119;0;0;0;103;0;0;0;118;0;0;0;129;0;0;0;129;0;0;0;127;0;0;0;135;0;0;0;138;0;0;0;140;0;0;0;156;0;0;0;146;0;0;0;163;0;0;0;134;0;0;0;175;0;0;0;178;0;0;0;176;0;0;0;180;0;0;0;194;0;0;0;212;0;0;0;185;0;0;0;203;0;0;0;214;0;0;0;213;0;0;0;233;0;0;0;241;0;0;0;255;0;0;0;248;0;0;0;235;0;0;0;232;0;0;0;237;0;0;0;53;1;0;0;49;1;0;0;111;1;0;0;102;1;0;0;63;1;0;0;111;1;0;0;127;1;0;0;158;1;0;0;154;1;0;0;239;1;0;0;230;1;0;0;212;1;0;0;235;1;0;0;30;2;0;0;77;2;0;0;71;2;0;0;85;2;0;0;88;2;0;0;148;2;0;0;160;2;0;0;189;2;0;0;244;2;0;0;23;3;0;0;39;3;0;0;76;3;0;0;99;3;0;0;153;3;0;0;166;3;0;0;
n02091635_699.jpg;17;0;0;0;51;0;0;0;73;0;0;0;40;0;0;0;48;0;0;0;44;0;0;0;24;0;0;0;36;0;0;0;22;0;0;0;23;0;0;0;24;0;0;0;15;0;0;0;23;0;0;0;19;0;0;0;17;0;0;0;19;0;0;0;19;0;0;0;12;0;0;0;15;0;0;0;15;0;0;0;9;0;0;0;18;0;0;0;19;0;0;0;12;0;0;0;8;0;0;0;19;0;0;0;14;0;0;0;8;0;0;0;17;0;0;0;20;0;0;0;23;0;0;0;26;0;0;0;20;0;0;0;19;0;0;0;22;0;0;0;23;0;0;0;15;0;0;0;23;0;0;0;23;0;0;0;32;0;0;0;22;0;0;0;26;0;0;0;20;0;0;0;27;0;0;0;26;0;0;0;21;0;0;0;21;0;0;0;27;0;0;0;32;0;0;0;32;0;0;0;43;0;0;0;33;0;0;0;31;0;0;0;38;0;0;0;43;0;0;0;41;0;0;0;38;0;0;0;28;0;0;0;46;0;0;0;41;0;0;0;47;0;0;0;53;0;0;0;42;0;0;0;38;0;0;0;
n02091635_721.jpg;15;0;0;0;41;0;0;0;60;0;0;0;64;0;0;0;76;0;0;0;88;0;0;0;115;0;0;0;124;0;0;0;123;0;0;0;123;0;0;0;147;0;0;0;119;0;0;0;128;0;0;0;116;0;0;0;124;0;0;0;126;0;0;0;133;0;0;0;170;0;0;0;164;0;0;0;157;0;0;0;154;0;0;0;123;0;0;0;132;0;0;0;140;0;0;0;154;0;0;0;152;0;0;0;163;0;0;0;177;0;0;0;182;0;0;0;199;0;0;0;180;0;0;0;168;0;0;0;200;0;0;0;196;0;0;0;204;0;0;0;208;0;0;0;209;0;0;0;205;0;0;0;207;0;0;0;203;0;0;0;236;0;0;0;244;0;0;0;235;0;0;0;228;0;0;0;3;1;0;0;11;1;0;0;237;0;0;0;2;1;0;0;8;1;0;0;7;1;0;0;253;0;0;0;1;1;0;0;38;1;0;0;1;1;0;0;18;1;0;0;31;1;0;0;32;1;0;0;45;1;0;0;41;1;0;0;52;1;0;0;63;1;0;0;72;1;0;0;111;1;0;0;73;1;0;0;
n02091635_758.jpg;0;0;0;0;0;0;0;0;1;0;0;0;4;0;0;0;4;0;0;0;5;0;0;0;14;0;0;0;15;0;0;0;31;0;0;0;55;0;0;0;109;0;0;0;164;0;0;0;223;0;0;0;73;1;0;0;156;1;0;0;219;1;0;0;6;2;0;0;45;2;0;0;105;2;0;0;148;2;0;0;139;2;0;0;91;2;0;0;100;2;0;0;55;2;0;0;36;2;0;0;57;2;0;0;15;2;0;0;250;1;0;0;212;1;0;0;161;1;0;0;153;1;0;0;186;1;0;0;157;1;0;0;131;1;0;0;110;1;0;0;82;1;0;0;68;1;0;0;91;1;0;0;91;1;0;0;33;1;0;0;82;1;0;0;59;1;0;0;80;1;0;0;30;1;0;0;87;1;0;0;85;1;0;0;63;1;0;0;76;1;0;0;62;1;0;0;96;1;0;0;81;1;0;0;98;1;0;0;124;1;0;0;99;1;0;0;127;1;0;0;137;1;0;0;125;1;0;0;119;1;0;0;98;1;0;0;131;1;0;0;146;1;0;0;168;1;0;0;179;1;0;0;188;1;0;0;
n02091635_782.jpg;8;0;0;0;34;0;0;0;34;0;0;0;23;0;0;0;22;0;0;0;35;0;0;0;39;0;0;0;47;0;0;0;57;0;0;0;62;0;0;0;76;0;0;0;90;0;0;0;74;0;0;0;96;0;0;0;113;0;0;0;124;0;0;0;148;0;0;0;160;0;0;0;180;0;0;0;247;0;0;0;5;1;0;0;50;1;0;0;167;1;0;0;182;1;0;0;197;1;0;0;242;1;0;0;1;2;0;0;81;2;0;0;78;2;0;0;177;2;0;0;163;2;0;0;251;2;0;0;174;2;0;0;98;2;0;0;193;2;0;0;140;2;0;0;128;2;0;0;139;2;0;0;157;2;0;0;170;2;0;0;169;2;0;0;94;2;0;0;100;2;0;0;75;2;0;0;118;2;0;0;119;2;0;0;125;2;0;0;70;2;0;0;111;2;0;0;94;2;0;0;93;2;0;0;102;2;0;0;90;2;0;0;81;2;0;0;43;2;0;0;75;2;0;0;75;2;0;0;69;2;0;0;85;2;0;0;61;2;0;0;63;2;0;0;54;2;0;0;23;2;0;0;33;2;0;0;
n02091635_831.jpg;0;0;0;0;1;0;0;0;0;0;0;0;0;0;0;0;0;0;0;0;1;0;0;0;1;0;0;0;0;0;0;0;0;0;0;0;1;0;0;0;0;0;0;0;2;0;0;0;0;0;0;0;1;0;0;0;0;0;0;0;0;0;0;0;1;0;0;0;0;0;0;0;0;0;0;0;0;0;0;0;0;0;0;0;1;0;0;0;0;0;0;0;1;0;0;0;0;0;0;0;0;0;0;0;2;0;0;0;0;0;0;0;2;0;0;0;1;0;0;0;1;0;0;0;1;0;0;0;0;0;0;0;2;0;0;0;0;0;0;0;0;0;0;0;2;0;0;0;0;0;0;0;1;0;0;0;2;0;0;0;1;0;0;0;2;0;0;0;1;0;0;0;0;0;0;0;1;0;0;0;1;0;0;0;2;0;0;0;2;0;0;0;2;0;0;0;2;0;0;0;1;0;0;0;6;0;0;0;2;0;0;0;4;0;0;0;6;0;0;0;14;0;0;0;13;0;0;0;9;0;0;0;18;0;0;0;21;0;0;0;22;0;0;0;31;0;0;0;38;0;0;0;25;0;0;0;
n02091635_863.jpg;0;0;0;0;0;0;0;0;0;0;0;0;0;0;0;0;0;0;0;0;0;0;0;0;0;0;0;0;0;0;0;0;0;0;0;0;0;0;0;0;0;0;0;0;0;0;0;0;0;0;0;0;0;0;0;0;0;0;0;0;0;0;0;0;0;0;0;0;0;0;0;0;0;0;0;0;0;0;0;0;0;0;0;0;0;0;0;0;0;0;0;0;0;0;0;0;0;0;0;0;0;0;0;0;74;0;0;0;182;4;0;0;54;0;0;0;2;0;0;0;0;0;0;0;22;0;0;0;69;0;0;0;97;0;0;0;4;0;0;0;0;0;0;0;0;0;0;0;0;0;0;0;0;0;0;0;0;0;0;0;0;0;0;0;0;0;0;0;0;0;0;0;0;0;0;0;4;0;0;0;14;0;0;0;10;0;0;0;14;0;0;0;10;0;0;0;17;0;0;0;18;0;0;0;32;0;0;0;73;0;0;0;16;0;0;0;4;0;0;0;3;0;0;0;5;0;0;0;1;0;0;0;1;0;0;0;1;0;0;0;0;0;0;0;3;0;0;0;4;0;0;0;4;0;0;0;
n02091635_873.jpg;0;0;0;0;0;0;0;0;0;0;0;0;0;0;0;0;0;0;0;0;0;0;0;0;0;0;0;0;0;0;0;0;0;0;0;0;1;0;0;0;0;0;0;0;0;0;0;0;0;0;0;0;1;0;0;0;0;0;0;0;0;0;0;0;2;0;0;0;0;0;0;0;0;0;0;0;1;0;0;0;0;0;0;0;6;0;0;0;7;0;0;0;5;0;0;0;3;0;0;0;2;0;0;0;6;0;0;0;6;0;0;0;10;0;0;0;17;0;0;0;26;0;0;0;41;0;0;0;79;0;0;0;107;0;0;0;118;0;0;0;188;0;0;0;30;1;0;0;194;1;0;0;98;2;0;0;119;3;0;0;181;2;0;0;184;2;0;0;216;2;0;0;252;2;0;0;76;3;0;0;88;3;0;0;176;3;0;0;254;3;0;0;68;4;0;0;226;3;0;0;49;4;0;0;241;3;0;0;17;4;0;0;207;3;0;0;227;3;0;0;42;4;0;0;248;3;0;0;26;4;0;0;12;4;0;0;8;4;0;0;77;4;0;0;119;4;0;0;34;4;0;0;140;4;0;0;
n02091635_920.jpg;0;0;0;0;1;0;0;0;0;0;0;0;2;0;0;0;0;0;0;0;0;0;0;0;2;0;0;0;4;0;0;0;6;0;0;0;4;0;0;0;5;0;0;0;5;0;0;0;9;0;0;0;15;0;0;0;9;0;0;0;23;0;0;0;17;0;0;0;34;0;0;0;31;0;0;0;48;0;0;0;76;0;0;0;80;0;0;0;87;0;0;0;93;0;0;0;164;0;0;0;203;0;0;0;101;1;0;0;76;1;0;0;205;7;0;0;20;2;0;0;7;2;0;0;204;1;0;0;213;1;0;0;26;2;0;0;182;1;0;0;124;1;0;0;92;1;0;0;119;1;0;0;127;1;0;0;99;1;0;0;96;1;0;0;79;1;0;0;89;1;0;0;75;1;0;0;81;1;0;0;110;1;0;0;84;1;0;0;109;1;0;0;108;1;0;0;140;1;0;0;88;1;0;0;140;1;0;0;81;1;0;0;125;1;0;0;162;1;0;0;76;1;0;0;113;1;0;0;174;1;0;0;151;1;0;0;157;1;0;0;128;1;0;0;164;1;0;0;209;1;0;0;158;1;0;0;
n02091635_923.jpg;0;0;0;0;6;0;0;0;2;0;0;0;3;0;0;0;14;0;0;0;4;0;0;0;17;0;0;0;23;0;0;0;30;0;0;0;20;0;0;0;28;0;0;0;42;0;0;0;37;0;0;0;45;0;0;0;63;0;0;0;76;0;0;0;65;0;0;0;66;0;0;0;51;0;0;0;66;0;0;0;68;0;0;0;56;0;0;0;53;0;0;0;80;0;0;0;66;0;0;0;74;0;0;0;75;0;0;0;85;0;0;0;74;0;0;0;86;0;0;0;86;0;0;0;93;0;0;0;90;0;0;0;83;0;0;0;83;0;0;0;83;0;0;0;103;0;0;0;87;0;0;0;103;0;0;0;109;0;0;0;125;0;0;0;93;0;0;0;99;0;0;0;102;0;0;0;96;0;0;0;106;0;0;0;95;0;0;0;103;0;0;0;85;0;0;0;107;0;0;0;116;0;0;0;96;0;0;0;103;0;0;0;115;0;0;0;108;0;0;0;105;0;0;0;127;0;0;0;107;0;0;0;120;0;0;0;128;0;0;0;126;0;0;0;131;0;0;0;138;0;0;0;155;0;0;0;
n02091635_938.jpg;1;0;0;0;4;0;0;0;4;0;0;0;2;0;0;0;7;0;0;0;18;0;0;0;26;0;0;0;45;0;0;0;45;0;0;0;58;0;0;0;85;0;0;0;136;0;0;0;140;0;0;0;186;0;0;0;233;0;0;0;237;0;0;0;39;1;0;0;91;1;0;0;113;1;0;0;167;1;0;0;201;1;0;0;184;2;0;0;120;2;0;0;99;2;0;0;105;2;0;0;190;2;0;0;171;2;0;0;184;2;0;0;72;3;0;0;81;3;0;0;83;3;0;0;166;3;0;0;229;3;0;0;157;3;0;0;153;3;0;0;241;3;0;0;8;4;0;0;212;4;0;0;179;4;0;0;72;6;0;0;101;5;0;0;165;4;0;0;105;5;0;0;72;4;0;0;47;4;0;0;122;4;0;0;44;4;0;0;95;4;0;0;96;4;0;0;10;4;0;0;122;4;0;0;251;3;0;0;2;4;0;0;30;4;0;0;36;4;0;0;9;4;0;0;118;4;0;0;59;4;0;0;91;4;0;0;43;4;0;0;70;4;0;0;58;4;0;0;51;4;0;0;65;4;0;0;
n02091635_963.jpg;2;0;0;0;1;0;0;0;3;0;0;0;5;0;0;0;14;0;0;0;19;0;0;0;32;0;0;0;39;0;0;0;61;0;0;0;84;0;0;0;101;0;0;0;90;0;0;0;115;0;0;0;133;0;0;0;173;0;0;0;183;0;0;0;212;0;0;0;1;1;0;0;49;1;0;0;129;1;0;0;215;1;0;0;108;2;0;0;235;2;0;0;27;3;0;0;101;3;0;0;81;3;0;0;115;3;0;0;219;3;0;0;69;4;0;0;247;3;0;0;130;3;0;0;12;3;0;0;209;2;0;0;0;3;0;0;117;3;0;0;193;3;0;0;27;4;0;0;12;4;0;0;176;4;0;0;168;5;0;0;165;6;0;0;170;6;0;0;5;7;0;0;44;7;0;0;208;6;0;0;126;6;0;0;165;5;0;0;129;5;0;0;233;4;0;0;151;4;0;0;109;4;0;0;113;4;0;0;2;4;0;0;9;4;0;0;184;3;0;0;185;3;0;0;133;3;0;0;132;3;0;0;175;3;0;0;130;3;0;0;184;3;0;0;178;3;0;0;36;3;0;0;42;3;0;0;
n02091635_965.jpg;0;0;0;0;0;0;0;0;0;0;0;0;0;0;0;0;0;0;0;0;0;0;0;0;0;0;0;0;0;0;0;0;0;0;0;0;0;0;0;0;0;0;0;0;0;0;0;0;0;0;0;0;0;0;0;0;0;0;0;0;0;0;0;0;0;0;0;0;0;0;0;0;0;0;0;0;0;0;0;0;1;0;0;0;1;0;0;0;0;0;0;0;3;0;0;0;1;0;0;0;3;0;0;0;7;0;0;0;5;0;0;0;9;0;0;0;16;0;0;0;25;0;0;0;37;0;0;0;44;0;0;0;58;0;0;0;66;0;0;0;85;0;0;0;96;0;0;0;83;0;0;0;93;0;0;0;108;0;0;0;106;0;0;0;109;0;0;0;103;0;0;0;111;0;0;0;113;0;0;0;100;0;0;0;107;0;0;0;119;0;0;0;145;0;0;0;121;0;0;0;131;0;0;0;133;0;0;0;136;0;0;0;163;0;0;0;173;0;0;0;174;0;0;0;207;0;0;0;222;0;0;0;4;1;0;0;245;0;0;0;93;1;0;0;135;1;0;0;120;1;0;0;146;1;0;0;
n02091635_971.jpg;30;0;0;0;145;0;0;0;123;0;0;0;92;0;0;0;133;0;0;0;140;0;0;0;161;0;0;0;93;0;0;0;106;0;0;0;114;0;0;0;103;0;0;0;121;0;0;0;136;0;0;0;107;0;0;0;124;0;0;0;124;0;0;0;133;0;0;0;143;0;0;0;130;0;0;0;130;0;0;0;142;0;0;0;142;0;0;0;134;0;0;0;141;0;0;0;148;0;0;0;166;0;0;0;181;0;0;0;149;0;0;0;174;0;0;0;198;0;0;0;192;0;0;0;188;0;0;0;192;0;0;0;209;0;0;0;194;0;0;0;170;0;0;0;181;0;0;0;194;0;0;0;201;0;0;0;208;0;0;0;179;0;0;0;210;0;0;0;195;0;0;0;196;0;0;0;217;0;0;0;207;0;0;0;185;0;0;0;214;0;0;0;200;0;0;0;200;0;0;0;225;0;0;0;206;0;0;0;212;0;0;0;184;0;0;0;177;0;0;0;195;0;0;0;208;0;0;0;195;0;0;0;204;0;0;0;196;0;0;0;179;0;0;0;185;0;0;0;219;0;0;0;212;0;0;0;
n02091635_979.jpg;0;0;0;0;1;0;0;0;1;0;0;0;6;0;0;0;13;0;0;0;28;0;0;0;31;0;0;0;42;0;0;0;48;0;0;0;54;0;0;0;56;0;0;0;58;0;0;0;72;0;0;0;60;0;0;0;71;0;0;0;81;0;0;0;89;0;0;0;64;0;0;0;80;0;0;0;90;0;0;0;82;0;0;0;95;0;0;0;89;0;0;0;117;0;0;0;95;0;0;0;93;0;0;0;123;0;0;0;109;0;0;0;126;0;0;0;97;0;0;0;122;0;0;0;126;0;0;0;103;0;0;0;108;0;0;0;149;0;0;0;109;0;0;0;122;0;0;0;116;0;0;0;100;0;0;0;109;0;0;0;104;0;0;0;89;0;0;0;112;0;0;0;113;0;0;0;96;0;0;0;94;0;0;0;92;0;0;0;104;0;0;0;100;0;0;0;102;0;0;0;118;0;0;0;103;0;0;0;78;0;0;0;110;0;0;0;83;0;0;0;105;0;0;0;78;0;0;0;111;0;0;0;98;0;0;0;112;0;0;0;97;0;0;0;101;0;0;0;95;0;0;0;101;0;0;0;
